date,2800,2828
2012-11-08,18.885,92.3
2012-11-09,18.754,91.695
2012-11-12,18.798,91.695
2012-11-13,18.58,89.88
2012-11-14,18.798,91.263
2012-11-15,18.536,89.707
2012-11-16,18.493,89.793
2012-11-19,18.711,90.398
2012-11-20,18.667,89.793
2012-11-21,18.928,91.263
2012-11-22,19.102,92.3
2012-11-23,19.276,93.077
2012-11-26,19.233,92.732
2012-11-27,19.189,92.386
2012-11-28,19.059,91.003
2012-11-29,19.276,92.04
2012-11-30,19.363,93.164
2012-12-03,19.102,91.608
2012-12-04,19.146,92.213
2012-12-05,19.581,94.892
2012-12-06,19.537,95.065
2012-12-07,19.494,95.757
2012-12-10,19.537,96.189
2012-12-11,19.581,96.189
2012-12-12,19.755,97.744
2012-12-13,19.711,97.658
2012-12-14,19.885,99.145
2012-12-17,19.755,98.883
2012-12-18,19.755,98.883
2012-12-19,19.885,99.845
2012-12-20,19.842,99.32
2012-12-21,19.755,98.445
2012-12-24,19.755,98.708
2012-12-27,19.885,99.495
2012-12-28,19.929,99.583
2012-12-31,19.885,100.196
2013-01-02,20.451,104.046
2013-01-03,20.495,106.058
2013-01-04,20.451,104.396
2013-01-07,20.451,104.746
2013-01-08,20.233,102.383
2013-01-09,20.408,103.433
2013-01-10,20.538,104.483
2013-01-11,20.451,103.608
2013-01-14,20.538,105.008
2013-01-15,20.538,105.008
2013-01-16,20.495,104.133
2013-01-17,20.495,103.958
2013-01-18,20.712,105.883
2013-01-21,20.712,106.146
2013-01-22,20.712,106.759
2013-01-23,20.756,106.321
2013-01-24,20.712,105.971
2013-01-25,20.712,105.008
2013-01-28,20.799,105.883
2013-01-29,20.799,105.883
2013-01-30,20.886,106.584
2013-01-31,20.843,106.146
2013-02-01,20.799,106.934
2013-02-04,20.799,106.234
2013-02-05,20.32,103.346
2013-02-06,20.408,103.696
2013-02-07,20.364,102.121
2013-02-08,20.451,101.946
2013-02-14,20.582,103.433
2013-02-15,20.582,103.521
2013-02-18,20.538,102.646
2013-02-19,20.32,100.983
2013-02-20,20.451,102.033
2013-02-21,20.103,99.845
2013-02-22,20.016,99.145
2013-02-25,20.059,98.97
2013-02-26,19.755,97.045
2013-02-27,19.842,97.745
2013-02-28,20.19,99.933
2013-03-01,20.103,99.32
2013-03-04,19.798,97.483
2013-03-05,19.798,97.745
2013-03-06,19.972,99.32
2013-03-07,20.016,98.97
2013-03-08,20.32,100.633
2013-03-11,20.32,100.283
2013-03-12,20.146,98.795
2013-03-13,19.842,96.87
2013-03-14,19.885,97.22
2013-03-15,19.798,96.17
2013-03-18,19.407,94.42
2013-03-19,19.32,93.895
2013-03-20,19.624,96.083
2013-03-21,19.581,95.645
2013-03-22,19.494,95.383
2013-03-25,19.624,96.083
2013-03-26,19.668,95.645
2013-03-27,19.755,96.258
2013-03-28,19.668,95.208
2013-04-02,19.755,94.508
2013-04-03,19.668,94.158
2013-04-05,19.146,91.357
2013-04-08,19.146,91.27
2013-04-09,19.276,92.757
2013-04-10,19.407,93.282
2013-04-11,19.407,93.632
2013-04-12,19.494,93.195
2013-04-15,19.146,91.445
2013-04-16,19.102,91.182
2013-04-17,19.015,90.132
2013-04-18,18.972,89.695
2013-04-19,19.45,92.495
2013-04-22,19.407,92.67
2013-04-23,19.189,91.182
2013-04-24,19.581,93.02
2013-04-25,19.755,93.983
2013-04-26,19.929,94.858
2013-04-29,19.885,94.333
2013-04-30,20.016,95.383
2013-05-02,20.016,94.508
2013-05-03,20.016,94.683
2013-05-06,20.192,96.17
2013-05-07,20.279,97.133
2013-05-08,20.411,98.445
2013-05-09,20.498,98.62
2013-05-10,20.586,99.233
2013-05-13,20.235,97.133
2013-05-14,20.279,96.52
2013-05-15,20.367,97.045
2013-05-16,20.367,96.433
2013-05-20,20.761,97.92
2013-05-21,20.673,97.045
2013-05-22,20.586,96.87
2013-05-23,20.016,94.07
2013-05-24,20.06,93.808
2013-05-27,20.104,93.983
2013-05-28,20.323,95.47
2013-05-29,19.973,94.07
2013-05-30,19.973,93.895
2013-05-31,19.885,92.845
2013-06-03,19.797,92.582
2013-06-04,19.797,92.67
2013-06-05,19.622,91.882
2013-06-06,19.403,91.007
2013-06-07,19.228,90.22
2013-06-10,19.272,89.87
2013-06-11,19.053,88.295
2013-06-13,18.746,86.588
2013-06-14,18.79,86.194
2013-06-17,19.053,87.376
2013-06-18,19.053,87.244
2013-06-19,18.878,86.194
2013-06-20,18.308,83.525
2013-06-21,18.221,83.307
2013-06-24,17.826,80.725
2013-06-25,17.87,80.156
2013-06-26,18.308,82.432
2013-06-27,18.396,82.565
2013-06-28,18.702,83.94
2013-07-02,18.571,83.186
2013-07-03,18.133,80.657
2013-07-04,18.44,81.544
2013-07-05,18.79,83.186
2013-07-08,18.527,82.032
2013-07-09,18.615,81.899
2013-07-10,18.79,83.141
2013-07-11,19.316,86.203
2013-07-12,19.053,84.96
2013-07-15,19.097,85.138
2013-07-16,19.14,85.094
2013-07-17,19.228,85.626
2013-07-18,19.184,85.626
2013-07-19,19.228,85.271
2013-07-22,19.184,84.96
2013-07-23,19.666,88.199
2013-07-24,19.754,88.244
2013-07-25,19.666,88.022
2013-07-26,19.754,88.022
2013-07-29,19.666,87.09
2013-07-30,19.71,87.179
2013-07-31,19.622,87.09
2013-08-01,19.841,87.755
2013-08-02,19.885,87.755
2013-08-05,19.973,87.755
2013-08-06,19.666,87.09
2013-08-07,19.359,85.182
2013-08-08,19.491,85.582
2013-08-09,19.535,86.602
2013-08-12,19.973,89.619
2013-08-13,20.279,91.748
2013-08-15,20.235,92.103
2013-08-16,20.235,92.281
2013-08-19,20.148,92.015
2013-08-20,19.666,89.264
2013-08-21,19.622,89.175
2013-08-22,19.71,89.796
2013-08-23,19.666,89.708
2013-08-26,19.841,91.039
2013-08-27,19.71,90.151
2013-08-28,19.403,88.11
2013-08-29,19.535,88.909
2013-08-30,19.535,88.288
2013-09-02,20.016,90.772
2013-09-03,20.148,92.458
2013-09-04,20.104,92.458
2013-09-05,20.367,93.523
2013-09-06,20.411,93.612
2013-09-09,20.498,95.12
2013-09-10,20.673,96.629
2013-09-11,20.673,95.919
2013-09-12,20.717,96.185
2013-09-13,20.673,95.298
2013-09-16,21.024,96.717
2013-09-17,20.892,96.096
2013-09-18,20.849,95.653
2013-09-19,21.199,97.338
2013-09-23,21.111,96.717
2013-09-24,20.936,95.741
2013-09-25,20.936,95.741
2013-09-26,20.892,95.386
2013-09-27,20.936,94.854
2013-09-30,20.673,93.346
2013-10-02,20.761,93.346
2013-10-03,20.98,95.031
2013-10-04,20.892,95.031
2013-10-07,20.761,94.144
2013-10-08,20.98,95.12
2013-10-09,20.849,94.854
2013-10-10,20.761,94.677
2013-10-11,21.024,95.564
2013-10-15,21.111,96.451
2013-10-16,20.936,96.008
2013-10-17,20.805,95.386
2013-10-18,21.068,96.185
2013-10-21,21.155,96.185
2013-10-22,21.068,96.185
2013-10-23,20.805,94.499
2013-10-24,20.673,93.257
2013-10-25,20.542,91.926
2013-10-28,20.673,92.813
2013-10-29,20.717,93.967
2013-10-30,21.111,96.008
2013-10-31,20.959,95.919
2013-11-01,21.004,96.451
2013-11-04,20.959,96.451
2013-11-05,20.824,96.008
2013-11-06,20.779,95.209
2013-11-07,20.645,94.588
2013-11-08,20.555,93.967
2013-11-11,20.869,95.653
2013-11-12,20.734,95.475
2013-11-13,20.331,92.813
2013-11-14,20.465,93.789
2013-11-15,20.824,96.54
2013-11-18,21.408,101.953
2013-11-19,21.408,102.574
2013-11-20,21.453,103.106
2013-11-21,21.318,102.219
2013-11-22,21.408,103.284
2013-11-25,21.497,102.84
2013-11-26,21.497,102.041
2013-11-27,21.542,102.751
2013-11-28,21.542,102.574
2013-11-29,21.632,103.106
2013-12-02,21.722,103.993
2013-12-03,21.632,103.284
2013-12-04,21.497,102.485
2013-12-05,21.453,102.751
2013-12-06,21.542,102.574
2013-12-09,21.542,103.017
2013-12-10,21.497,102.574
2013-12-11,21.094,99.823
2013-12-12,21.049,99.113
2013-12-13,21.049,99.266
2013-12-16,20.914,98.727
2013-12-17,20.869,98.278
2013-12-18,20.959,98.637
2013-12-19,20.69,97.112
2013-12-20,20.645,95.765
2013-12-23,20.779,95.855
2013-12-24,21.004,97.83
2013-12-27,21.049,97.65
2013-12-30,21.049,97.022
2013-12-31,21.049,97.56
2014-01-02,21.094,96.483
2014-01-03,20.645,94.24
2014-01-06,20.51,92.804
2014-01-07,20.555,92.175
2014-01-08,20.824,93.073
2014-01-09,20.6,91.637
2014-01-10,20.69,91.637
2014-01-13,20.734,91.906
2014-01-14,20.645,91.637
2014-01-15,20.734,91.996
2014-01-16,20.824,91.816
2014-01-17,20.959,91.727
2014-01-20,20.734,90.56
2014-01-21,20.824,92.086
2014-01-22,20.869,93.073
2014-01-23,20.6,91.278
2014-01-24,20.286,90.38
2014-01-27,19.882,88.54
2014-01-28,19.882,88.181
2014-01-29,20.016,89.258
2014-01-30,19.927,88.451
2014-02-04,19.388,85.982
2014-02-05,19.253,85.444
2014-02-06,19.388,85.893
2014-02-07,19.568,86.925
2014-02-10,19.523,86.566
2014-02-11,19.882,88.72
2014-02-12,20.196,90.201
2014-02-13,20.061,88.989
2014-02-14,20.241,89.662
2014-02-17,20.331,90.919
2014-02-18,20.42,90.56
2014-02-19,20.465,90.47
2014-02-20,20.286,89.842
2014-02-21,20.42,89.438
2014-02-24,20.241,88.226
2014-02-25,20.241,87.777
2014-02-26,20.331,88.361
2014-02-27,20.69,89.662
2014-02-28,20.645,88.989
2014-03-03,20.375,87.912
2014-03-04,20.51,88.136
2014-03-05,20.465,86.925
2014-03-06,20.555,87.015
2014-03-07,20.555,87.553
2014-03-10,20.151,85.848
2014-03-11,20.151,85.893
2014-03-12,19.927,84.367
2014-03-13,19.792,83.963
2014-03-14,19.612,83.873
2014-03-17,19.523,84.098
2014-03-18,19.612,84.098
2014-03-19,19.612,84.457
2014-03-20,19.253,82.886
2014-03-21,19.523,84.905
2014-03-24,19.882,87.374
2014-03-25,19.792,87.284
2014-03-26,19.927,88.72
2014-03-27,19.837,89.124
2014-03-28,20.061,90.111
2014-03-31,20.106,90.65
2014-04-01,20.42,90.829
2014-04-02,20.42,90.201
2014-04-03,20.465,90.829
2014-04-04,20.42,91.098
2014-04-07,20.286,91.457
2014-04-08,20.555,93.073
2014-04-09,20.779,93.342
2014-04-10,21.094,93.881
2014-04-11,20.869,92.175
2014-04-14,20.914,92.355
2014-04-15,20.555,90.38
2014-04-16,20.645,90.56
2014-04-17,20.69,90.739
2014-04-22,20.69,90.47
2014-04-23,20.465,89.169
2014-04-24,20.51,89.528
2014-04-25,20.151,88.316
2014-04-28,20.151,88.226
2014-04-29,20.467,88.944
2014-04-30,20.106,88.092
2014-05-02,20.287,88.451
2014-05-05,20.015,87.777
2014-05-07,19.835,87.149
2014-05-08,19.925,87.822
2014-05-09,19.97,87.149
2014-05-12,20.377,88.63
2014-05-13,20.422,88.944
2014-05-14,20.648,90.021
2014-05-15,20.738,89.752
2014-05-16,20.693,89.528
2014-05-19,20.693,89.258
2014-05-20,20.829,88.989
2014-05-21,20.919,89.931
2014-05-22,21.009,91.278
2014-05-23,21.055,91.368
2014-05-26,21.055,91.547
2014-05-27,21.055,91.098
2014-05-28,21.235,92.265
2014-05-29,21.145,91.906
2014-05-30,21.235,92.804
2014-06-03,21.371,93.701
2014-06-04,21.281,93.432
2014-06-05,21.281,93.881
2014-06-06,21.145,93.791
2014-06-09,21.235,94.24
2014-06-10,21.416,95.227
2014-06-11,21.416,95.137
2014-06-12,21.416,95.227
2014-06-13,21.552,95.855
2014-06-16,21.552,96.035
2014-06-17,21.461,95.317
2014-06-18,21.461,95.227
2014-06-19,21.461,94.958
2014-06-20,21.506,95.496
2014-06-23,21.1,93.701
2014-06-24,21.19,94.24
2014-06-25,21.19,93.791
2014-06-26,21.506,95.248
2014-06-27,21.461,94.975
2014-06-30,21.461,95.157
2014-07-02,21.913,96.796
2014-07-03,21.868,97.251
2014-07-04,21.913,97.524
2014-07-07,21.913,97.524
2014-07-08,21.868,97.615
2014-07-09,21.552,96.158
2014-07-10,21.597,96.34
2014-07-11,21.642,96.705
2014-07-14,21.778,97.251
2014-07-15,21.823,97.524
2014-07-16,21.913,97.433
2014-07-17,21.913,97.16
2014-07-18,21.823,96.978
2014-07-21,21.732,96.34
2014-07-22,22.184,98.799
2014-07-23,22.32,100.438
2014-07-24,22.41,101.531
2014-07-25,22.546,102.35
2014-07-28,22.681,102.897
2014-07-29,22.907,103.443
2014-07-30,23.043,103.261
2014-07-31,23.088,103.443
2014-08-01,22.817,101.986
2014-08-04,22.907,102.988
2014-08-05,22.862,102.168
2014-08-06,22.862,101.895
2014-08-07,22.726,100.802
2014-08-08,22.636,100.62
2014-08-11,22.952,102.624
2014-08-12,22.952,102.624
2014-08-13,23.178,103.807
2014-08-14,23.088,102.988
2014-08-15,23.223,103.17
2014-08-18,23.223,102.897
2014-08-19,23.359,103.079
2014-08-20,23.404,102.533
2014-08-21,23.314,101.531
2014-08-22,23.359,102.533
2014-08-25,23.449,103.17
2014-08-26,23.404,103.443
2014-08-27,23.223,102.715
2014-08-28,23.088,101.622
2014-08-29,23.088,101.804
2014-09-01,23.043,101.622
2014-09-02,23.088,101.986
2014-09-03,23.63,104.991
2014-09-04,23.585,105.629
2014-09-05,23.54,105.355
2014-09-08,23.494,106.084
2014-09-10,23.088,103.17
2014-09-11,23.088,102.533
2014-09-12,22.997,102.441
2014-09-15,22.817,100.985
2014-09-16,22.636,99.801
2014-09-17,22.862,101.44
2014-09-18,22.636,100.529
2014-09-19,22.772,100.529
2014-09-22,22.41,98.708
2014-09-23,22.365,98.617
2014-09-24,22.41,99.71
2014-09-25,22.275,99.072
2014-09-26,22.184,98.799
2014-09-29,21.778,97.433
2014-09-30,21.506,96.249
2014-10-03,21.642,96.614
2014-10-06,21.868,96.887
2014-10-07,21.958,97.615
2014-10-08,21.823,96.978
2014-10-09,22.049,97.706
2014-10-10,21.642,96.158
2014-10-13,21.732,95.885
2014-10-14,21.642,95.794
2014-10-15,21.732,95.976
2014-10-16,21.461,94.975
2014-10-17,21.642,95.612
2014-10-20,21.642,95.976
2014-10-21,21.687,95.794
2014-10-22,21.958,97.069
2014-10-23,21.913,97.342
2014-10-24,21.868,96.978
2014-10-27,21.732,96.249
2014-10-28,22.094,98.253
2014-10-29,22.365,99.892
2014-10-30,22.216,98.981
2014-10-31,22.495,100.165
2014-11-03,22.402,99.072
2014-11-04,22.402,99.892
2014-11-05,22.263,98.89
2014-11-06,22.216,98.344
2014-11-07,22.077,98.253
2014-11-10,22.309,98.89
2014-11-11,22.309,98.981
2014-11-12,22.449,99.892
2014-11-13,22.542,100.62
2014-11-14,22.588,100.256
2014-11-17,22.309,98.253
2014-11-18,22.077,97.069
2014-11-19,21.937,96.796
2014-11-20,21.844,96.705
2014-11-21,22.03,97.342
2014-11-24,22.449,100.802
2014-11-25,22.402,100.529
2014-11-26,22.681,102.715
2014-11-27,22.542,102.168
2014-11-28,22.495,103.534
2014-12-01,21.891,100.711
2014-12-02,22.17,103.443
2014-12-03,21.984,102.897
2014-12-04,22.402,106.539
2014-12-05,22.495,107.632
2014-12-08,22.542,110.273
2014-12-09,22.03,105.446
2014-12-10,22.077,105.629
2014-12-11,21.937,104.718
2014-12-12,21.844,104.533
2014-12-15,21.658,104.164
2014-12-16,21.287,103.703
2014-12-17,21.24,104.81
2014-12-18,21.426,105.272
2014-12-19,21.751,106.286
2014-12-22,22.03,109.516
2014-12-23,21.937,108.685
2014-12-24,21.984,107.578
2014-12-29,22.309,111.638
2014-12-30,21.984,110.346
2014-12-31,22.216,111.914
2015-01-02,22.356,113.852
2015-01-05,22.263,113.575
2015-01-06,21.984,111.453
2015-01-07,22.216,111.638
2015-01-08,22.402,111.73
2015-01-09,22.495,112.376
2015-01-12,22.588,111.822
2015-01-13,22.774,112.283
2015-01-14,22.634,111.73
2015-01-15,22.867,113.391
2015-01-16,22.634,112.376
2015-01-19,22.263,106.655
2015-01-20,22.495,109.147
2015-01-21,22.867,111.638
2015-01-22,23.053,112.007
2015-01-23,23.285,114.036
2015-01-26,23.378,113.76
2015-01-27,23.285,112.007
2015-01-28,23.332,111.361
2015-01-29,23.099,109.239
2015-01-30,23.006,109.147
2015-02-02,22.96,107.763
2015-02-03,23.006,109.423
2015-02-04,23.146,109.331
2015-02-05,23.285,109.608
2015-02-06,23.192,108.777
2015-02-09,23.006,108.408
2015-02-10,23.053,108.87
2015-02-11,22.82,108.408
2015-02-12,22.96,109.423
2015-02-13,23.192,110.715
2015-02-16,23.239,111.176
2015-02-17,23.332,111.638
2015-02-18,23.285,111.914
2015-02-23,23.332,111.914
2015-02-24,23.239,112.099
2015-02-25,23.239,112.099
2015-02-26,23.425,113.667
2015-02-27,23.332,113.483
2015-03-02,23.332,113.483
2015-03-03,23.192,111.084
2015-03-04,22.913,108.962
2015-03-05,22.727,107.855
2015-03-06,22.774,107.855
2015-03-09,22.727,108.501
2015-03-10,22.542,107.209
2015-03-11,22.356,106.286
2015-03-12,22.449,107.394
2015-03-13,22.449,109.054
2015-03-16,22.588,109.792
2015-03-17,22.588,110.069
2015-03-18,22.774,111.176
2015-03-19,23.053,112.653
2015-03-20,23.006,112.929
2015-03-23,23.099,112.929
2015-03-24,23.006,111.545
2015-03-25,23.192,111.361
2015-03-26,23.146,110.807
2015-03-27,23.099,110.807
2015-03-30,23.471,114.682
2015-03-31,23.518,114.867
2015-04-01,23.657,116.343
2015-04-02,23.843,117.727
2015-04-08,24.726,124.647
2015-04-09,25.377,128.337
2015-04-10,25.702,130.459
2015-04-13,26.399,135.534
2015-04-14,26.027,132.673
2015-04-15,26.074,134.334
2015-04-16,26.167,136.641
2015-04-17,26.12,135.072
2015-04-20,25.563,130.828
2015-04-21,26.306,134.98
2015-04-22,26.353,136.272
2015-04-23,26.213,134.334
2015-04-24,26.446,134.611
2015-04-27,26.864,137.194
2015-04-28,26.864,136.733
2015-04-29,26.798,135.534
2015-04-30,26.518,133.965
2015-05-04,26.565,134.15
2015-05-05,26.19,130.644
2015-05-06,26.097,130.09
2015-05-07,25.723,127.784
2015-05-08,26.003,130.367
2015-05-11,26.144,131.566
2015-05-12,25.863,129.629
2015-05-13,25.723,128.706
2015-05-14,25.77,127.876
2015-05-15,26.237,129.998
2015-05-18,26.003,129.075
2015-05-19,26.144,131.843
2015-05-20,26.05,132.028
2015-05-21,26.05,131.197
2015-05-22,26.471,133.873
2015-05-26,26.798,137.471
2015-05-27,26.565,136.641
2015-05-28,26.658,131.935
2015-05-29,26.003,131.29
2015-06-01,26.19,133.135
2015-06-02,26.05,132.12
2015-06-03,26.19,131.474
2015-06-04,26.144,131.659
2015-06-05,25.816,129.813
2015-06-08,25.91,131.474
2015-06-09,25.629,129.352
2015-06-10,25.302,127.322
2015-06-11,25.582,128.337
2015-06-12,25.91,130.644
2015-06-15,25.442,127.23
2015-06-16,25.208,123.724
2015-06-17,25.349,125.292
2015-06-18,25.349,123.632
2015-06-19,25.442,123.355
2015-06-22,25.77,125.108
2015-06-23,26.003,127.784
2015-06-24,26.097,128.798
2015-06-25,25.957,127.415
2015-06-26,25.489,123.675
2015-06-29,24.881,120.684
2015-06-30,25.115,123.301
2015-07-02,25.162,121.806
2015-07-03,24.928,120.123
2015-07-06,24.179,116.851
2015-07-07,23.899,112.738
2015-07-08,22.543,105.633
2015-07-09,23.384,109.092
2015-07-10,23.852,113.112
2015-07-13,24.179,114.421
2015-07-14,24.039,112.738
2015-07-15,23.992,111.336
2015-07-16,24.086,111.897
2015-07-17,24.366,113.018
2015-07-20,24.32,112.271
2015-07-21,24.46,112.925
2015-07-22,24.226,111.616
2015-07-23,24.32,112.551
2015-07-24,24.039,111.242
2015-07-27,23.338,107.223
2015-07-28,23.525,106.662
2015-07-29,23.618,107.503
2015-07-30,23.478,106.194
2015-07-31,23.571,106.007
2015-08-03,23.384,104.979
2015-08-04,23.384,105.446
2015-08-05,23.478,105.914
2015-08-06,23.384,105.82
2015-08-07,23.478,107.036
2015-08-10,23.431,107.41
2015-08-11,23.478,107.41
2015-08-12,22.917,105.166
2015-08-13,23.057,105.633
2015-08-14,23.057,105.353
2015-08-17,22.917,104.605
2015-08-18,22.543,102.829
2015-08-19,22.262,101.614
2015-08-20,21.935,99.183
2015-08-21,21.607,97.407
2015-08-24,20.485,91.752
2015-08-25,20.672,90.91
2015-08-26,20.298,90.349
2015-08-27,21.093,94.042
2015-08-28,20.952,93.154
2015-08-31,20.906,92.967
2015-09-01,20.391,90.349
2015-09-02,20.204,88.76
2015-09-04,20.111,87.592
2015-09-07,19.923,87.124
2015-09-08,20.578,90.63
2015-09-09,21.373,95.351
2015-09-10,20.859,93.668
2015-09-11,20.812,92.92
2015-09-14,20.906,92.92
2015-09-15,20.719,92.78
2015-09-16,21.233,94.79
2015-09-17,21.093,95.257
2015-09-18,21.28,96.005
2015-09-21,21.046,94.603
2015-09-22,21.046,93.761
2015-09-23,20.672,91.424
2015-09-24,20.485,90.536
2015-09-25,20.578,91.004
2015-09-29,19.923,88.199
2015-09-30,20.204,89.929
2015-10-02,20.859,92.593
2015-10-05,21.186,94.416
2015-10-06,21.139,94.883
2015-10-07,21.794,99.277
2015-10-08,21.654,98.248
2015-10-09,21.701,99.37
2015-10-12,22.028,100.492
2015-10-13,21.888,99.37
2015-10-14,21.701,98.716
2015-10-15,22.168,100.679
2015-10-16,22.309,101.614
2015-10-19,22.309,101.988
2015-10-20,22.215,101.614
2015-10-22,22.122,101.053
2015-10-23,22.449,102.362
2015-10-26,22.355,102.455
2015-10-27,22.402,101.988
2015-10-28,22.215,100.866
2015-10-29,22.052,99.651
2015-10-30,21.956,99.37
2015-11-02,21.667,97.781
2015-11-03,21.908,98.248
2015-11-04,22.34,100.585
2015-11-05,22.292,101.24
2015-11-06,22.148,100.679
2015-11-09,21.956,100.118
2015-11-10,21.715,98.622
2015-11-11,21.667,97.875
2015-11-12,22.244,99.277
2015-11-13,21.715,97.22
2015-11-16,21.331,95.444
2015-11-17,21.619,96.285
2015-11-18,21.523,96.098
2015-11-19,21.812,97.22
2015-11-20,22.052,98.435
2015-11-23,22.004,97.781
2015-11-24,21.908,96.94
2015-11-25,21.86,96.753
2015-11-26,21.86,96.659
2015-11-27,21.427,94.229
2015-11-30,21.331,93.574
2015-12-01,21.715,94.977
2015-12-02,21.812,95.724
2015-12-03,21.715,95.257
2015-12-04,21.571,94.042
2015-12-07,21.619,93.668
2015-12-08,21.235,92.219
2015-12-09,21.139,91.378
2015-12-10,21.043,90.288
2015-12-11,20.851,88.962
2015-12-14,20.707,88.962
2015-12-15,20.659,89.293
2015-12-16,21.091,91.235
2015-12-17,21.235,92.372
2015-12-18,21.139,92.088
2015-12-21,21.139,93.272
2015-12-22,21.139,92.941
2015-12-23,21.331,94.22
2015-12-24,21.427,95.215
2015-12-28,21.235,93.32
2015-12-29,21.331,93.32
2015-12-30,21.283,92.325
2015-12-31,21.235,92.088
2016-01-04,20.61,89.056
2016-01-05,20.562,88.156
2016-01-06,20.322,87.304
2016-01-07,19.746,83.751
2016-01-08,19.89,84.604
2016-01-11,19.313,81.24
2016-01-12,19.121,80.53
2016-01-13,19.409,81.193
2016-01-14,19.265,80.861
2016-01-15,18.929,78.777
2016-01-18,18.698,77.735
2016-01-19,19.064,80.009
2016-01-20,18.314,76.598
2016-01-21,18.026,74.94
2016-01-22,18.564,77.451
2016-01-25,18.775,78.067
2016-01-26,18.276,75.461
2016-01-27,18.468,75.935
2016-01-28,18.641,76.74
2016-01-29,19.064,78.635
2016-02-01,18.967,77.735
2016-02-02,18.852,76.977
2016-02-03,18.449,75.224
2016-02-04,18.622,76.172
2016-02-05,18.718,76.882
2016-02-11,17.968,73.187
2016-02-12,17.795,71.766
2016-02-15,18.372,75.224
2016-02-16,18.545,76.645
2016-02-17,18.352,75.651
2016-02-18,18.794,77.972
2016-02-19,18.679,77.356
2016-02-22,18.891,78.54
2016-02-23,18.852,78.019
2016-02-24,18.602,76.882
2016-02-25,18.333,75.177
2016-02-26,18.814,76.882
2016-02-29,18.545,75.651
2016-03-01,18.794,76.977
2016-03-02,19.409,79.914
2016-03-03,19.361,79.961
2016-03-04,19.602,81.619
2016-03-07,19.65,82.282
2016-03-08,19.506,81.098
2016-03-09,19.506,80.53
2016-03-10,19.506,80.435
2016-03-11,19.698,81.667
2016-03-14,19.89,82.851
2016-03-15,19.794,82.14
2016-03-16,19.746,81.761
2016-03-17,19.938,83.751
2016-03-18,20.13,84.698
2016-03-21,20.082,85.077
2016-03-22,20.082,84.793
2016-03-23,20.082,84.556
2016-03-24,19.794,82.993
2016-03-29,19.794,83.277
2016-03-30,20.322,85.788
2016-03-31,20.226,85.788
2016-04-01,19.938,84.225
2016-04-05,19.602,82.709
2016-04-06,19.698,82.567
2016-04-07,19.746,82.425
2016-04-08,19.842,82.993
2016-04-11,19.986,83.988
2016-04-12,19.986,84.177
2016-04-13,20.659,87.635
2016-04-14,20.851,88.109
2016-04-15,20.755,87.872
2016-04-18,20.61,86.593
2016-04-19,20.899,88.109
2016-04-20,20.659,87.02
2016-04-21,21.091,88.014
2016-04-22,20.947,86.972
2016-04-25,20.707,85.551
2016-04-26,20.851,85.93
2016-04-27,20.803,86.072
2016-04-28,20.812,86.356
2016-04-29,20.474,85.077
2016-05-03,20.086,83.325
2016-05-04,20.038,82.804
2016-05-05,19.893,82.235
2016-05-06,19.554,80.767
2016-05-09,19.651,80.577
2016-05-10,19.796,80.814
2016-05-11,19.554,80.482
2016-05-12,19.409,80.293
2016-05-13,19.244,79.109
2016-05-16,19.409,79.298
2016-05-17,19.651,80.388
2016-05-18,19.322,78.967
2016-05-19,19.244,78.54
2016-05-20,19.506,79.156
2016-05-23,19.36,79.109
2016-05-24,19.457,79.203
2016-05-25,19.941,81.335
2016-05-26,19.99,81.288
2016-05-27,20.135,81.951
2016-05-30,20.183,82.33
2016-05-31,20.425,83.23
2016-06-01,20.328,83.183
2016-06-02,20.474,83.561
2016-06-03,20.57,84.225
2016-06-06,20.667,84.698
2016-06-07,20.909,86.119
2016-06-08,20.958,86.356
2016-06-10,20.716,84.604
2016-06-13,20.232,82.519
2016-06-14,20.135,81.998
2016-06-15,20.135,82.377
2016-06-16,19.796,81.146
2016-06-17,19.941,81.761
2016-06-20,20.183,83.277
2016-06-21,20.377,83.988
2016-06-22,20.619,84.983
2016-06-23,20.667,85.267
2016-06-24,20.086,82.705
2016-06-27,20.038,83.092
2016-06-28,20.038,83.043
2016-06-29,20.328,84.348
2016-06-30,20.667,85.605
2016-07-04,20.958,86.572
2016-07-05,20.619,85.218
2016-07-06,20.377,83.768
2016-07-07,20.57,84.735
2016-07-08,20.474,84.107
2016-07-11,20.716,85.75
2016-07-12,21.103,87.2
2016-07-13,21.2,87.78
2016-07-14,21.442,88.747
2016-07-15,21.587,89.134
2016-07-18,21.635,89.472
2016-07-19,21.49,88.409
2016-07-20,21.78,88.747
2016-07-21,21.829,89.085
2016-07-22,21.78,88.844
2016-07-25,21.829,88.844
2016-07-26,22.022,89.134
2016-07-27,21.926,89.134
2016-07-28,22.022,89.52
2016-07-29,21.732,88.312
2016-08-01,22.022,90.004
2016-08-03,21.587,88.505
2016-08-04,21.684,88.699
2016-08-05,22.022,89.859
2016-08-08,22.313,91.212
2016-08-09,22.313,91.696
2016-08-10,22.313,91.744
2016-08-11,22.41,92.807
2016-08-12,22.603,93.968
2016-08-15,22.845,95.563
2016-08-16,22.748,95.611
2016-08-17,22.652,94.886
2016-08-18,22.942,95.031
2016-08-19,22.797,94.451
2016-08-22,22.894,94.354
2016-08-23,22.894,94.451
2016-08-24,22.7,93.436
2016-08-25,22.7,93.436
2016-08-26,22.845,93.871
2016-08-29,22.748,93.436
2016-08-30,22.894,94.354
2016-08-31,22.894,94.064
2016-09-01,23.136,94.644
2016-09-02,23.136,95.128
2016-09-05,23.523,96.868
2016-09-06,23.668,97.641
2016-09-07,23.668,98.028
2016-09-08,23.765,98.511
2016-09-09,24.055,98.995
2016-09-12,23.281,95.031
2016-09-13,23.232,94.306
2016-09-14,23.184,94.016
2016-09-15,23.329,94.741
2016-09-19,23.474,95.949
2016-09-20,23.523,96.094
2016-09-21,23.571,97.061
2016-09-22,23.716,97.544
2016-09-23,23.571,96.529
2016-09-26,23.329,94.983
2016-09-27,23.523,95.998
2016-09-28,23.571,95.756
2016-09-29,23.716,96.384
2016-09-30,23.232,94.403
2016-10-03,23.523,95.369
2016-10-04,23.62,96.046
2016-10-05,23.716,96.481
2016-10-06,23.91,97.931
2016-10-07,23.813,97.544
2016-10-11,23.474,96.384
2016-10-12,23.378,95.176
2016-10-13,23.039,93.484
2016-10-14,23.232,94.644
2016-10-17,23.039,94.113
2016-10-18,23.378,95.756
2016-10-19,23.281,95.031
2016-10-20,23.378,95.418
2016-10-24,23.62,96.964
2016-10-25,23.571,96.868
2016-10-26,23.329,95.563
2016-10-27,23.136,94.741
2016-10-28,22.99,93.726
2016-10-31,22.961,94.258
2016-11-01,23.159,95.659
2016-11-02,22.861,93.871
2016-11-03,22.762,93.581
2016-11-04,22.712,93.339
2016-11-07,22.861,94.548
2016-11-08,22.911,94.886
2016-11-09,22.464,92.179
2016-11-10,22.911,94.209
2016-11-11,22.563,92.904
2016-11-14,22.265,92.227
2016-11-15,22.364,92.614
2016-11-16,22.364,92.179
2016-11-17,22.265,91.744
2016-11-18,22.314,92.082
2016-11-21,22.414,93.001
2016-11-22,22.762,94.934
2016-11-23,22.762,95.079
2016-11-24,22.613,95.224
2016-11-25,22.762,96.288
2016-11-28,22.861,96.964
2016-11-29,22.762,96.964
2016-11-30,22.861,97.061
2016-12-01,22.961,97.158
2016-12-02,22.613,96.288
2016-12-05,22.563,95.611
2016-12-06,22.712,96.094
2016-12-07,22.861,96.771
2016-12-08,22.861,97.254
2016-12-09,22.811,96.964
2016-12-12,22.414,95.418
2016-12-13,22.464,95.515
2016-12-14,22.513,95.515
2016-12-15,22.066,93.271
2016-12-16,22.066,93.32
2016-12-19,21.867,92.393
2016-12-20,21.768,91.466
2016-12-21,21.867,92.1
2016-12-22,21.718,90.686
2016-12-23,21.619,90.296
2016-12-28,21.718,91.369
2016-12-29,21.818,91.418
2016-12-30,21.967,92.1
2017-01-03,22.165,93.027
2017-01-04,22.165,92.93
2017-01-05,22.464,94.247
2017-01-06,22.513,94.491
2017-01-09,22.613,94.393
2017-01-10,22.712,94.93
2017-01-11,22.961,95.564
2017-01-12,22.911,95.613
2017-01-13,22.961,96.101
2017-01-16,22.762,95.174
2017-01-17,22.911,95.418
2017-01-18,23.11,96.393
2017-01-19,23.11,96.101
2017-01-20,22.961,95.662
2017-01-23,22.911,95.662
2017-01-24,22.961,95.857
2017-01-25,23.06,95.808
2017-01-26,23.408,96.832
2017-01-27,23.408,96.637
2017-02-01,23.358,95.905
2017-02-02,23.209,95.418
2017-02-03,23.11,95.32
2017-02-06,23.358,96.442
2017-02-07,23.358,96.588
2017-02-08,23.557,97.759
2017-02-09,23.557,98.832
2017-02-10,23.656,99.515
2017-02-13,23.706,100.589
2017-02-14,23.756,100.784
2017-02-15,24.004,102.442
2017-02-16,24.153,102.735
2017-02-17,24.104,101.759
2017-02-20,24.203,102.637
2017-02-21,24.054,102.345
2017-02-22,24.203,103.418
2017-02-23,24.203,103.223
2017-02-24,24.153,102.442
2017-02-27,24.104,101.662
2017-02-28,23.905,101.174
2017-03-01,23.905,101.174
2017-03-02,23.805,100.589
2017-03-03,23.706,99.613
2017-03-06,23.706,99.906
2017-03-07,23.805,100.491
2017-03-08,23.855,100.881
2017-03-09,23.656,99.223
2017-03-10,23.706,98.93
2017-03-13,23.955,100.589
2017-03-14,23.955,101.174
2017-03-15,23.955,100.881
2017-03-16,24.402,103.125
2017-03-17,24.452,103.028
2017-03-20,24.601,103.808
2017-03-21,24.7,104.296
2017-03-22,24.452,102.442
2017-03-23,24.452,102.93
2017-03-24,24.551,103.028
2017-03-27,24.352,101.759
2017-03-28,24.501,102.345
2017-03-29,24.501,102.442
2017-03-30,24.452,101.564
2017-03-31,24.302,100.979
2017-04-03,24.352,101.271
2017-04-05,24.501,101.759
2017-04-06,24.402,101.076
2017-04-07,24.402,100.979
2017-04-10,24.402,100.589
2017-04-11,24.253,100.003
2017-04-12,24.452,100.198
2017-04-13,24.402,100.296
2017-04-18,24.004,98.735
2017-04-19,24.004,98.247
2017-04-20,24.203,98.832
2017-04-21,24.153,98.637
2017-04-24,24.302,99.223
2017-04-25,24.601,100.686
2017-04-26,24.7,101.174
2017-04-27,24.85,100.881
2017-04-28,24.8,100.589
2017-05-02,24.8,100.003
2017-05-04,24.9,99.223
2017-05-05,24.65,97.466
2017-05-08,24.75,98.149
2017-05-09,25.05,99.418
2017-05-10,25.15,100.198
2017-05-11,25.3,100.589
2017-05-12,25.35,100.881
2017-05-15,25.6,102.345
2017-05-16,25.6,102.345
2017-05-17,25.6,102.052
2017-05-18,25.4,100.784
2017-05-19,25.45,100.784
2017-05-22,25.65,101.759
2017-05-23,25.7,101.954
2017-05-24,25.65,102.052
2017-05-25,25.85,103.515
2017-05-26,25.9,103.808
2017-05-29,26,104.101
2017-05-31,26,104.296
2017-06-01,26,104.198
2017-06-02,26.25,104.686
2017-06-05,26.2,104.101
2017-06-06,26.3,104.394
2017-06-07,26.3,104.394
2017-06-08,26.4,104.881
2017-06-09,26.4,104.101
2017-06-12,26.15,103.223
2017-06-13,26.25,103.711
2017-06-14,26.25,103.613
2017-06-15,25.95,102.15
2017-06-16,26,102.247
2017-06-19,26.3,103.627
2017-06-20,26.2,103.135
2017-06-21,26.05,102.444
2017-06-22,26.15,103.036
2017-06-23,26.2,103.332
2017-06-26,26.3,104.318
2017-06-27,26.25,104.022
2017-06-28,26.2,103.43
2017-06-29,26.35,103.825
2017-06-30,26.25,103.332
2017-07-03,26.25,104.219
2017-07-04,26,103.43
2017-07-05,26.1,104.022
2017-07-06,26.15,104.515
2017-07-07,26,103.43
2017-07-10,26.15,103.332
2017-07-11,26.55,105.402
2017-07-12,26.7,106.388
2017-07-13,27,108.064
2017-07-14,27.05,108.36
2017-07-17,27.15,108.853
2017-07-18,27.15,108.755
2017-07-19,27.3,109.642
2017-07-20,27.35,109.741
2017-07-21,27.4,109.248
2017-07-24,27.55,109.346
2017-07-25,27.5,109.05
2017-07-26,27.6,109.346
2017-07-27,27.8,109.642
2017-07-28,27.65,108.853
2017-07-31,27.9,109.445
2017-08-01,28.2,111.417
2017-08-02,28.25,111.811
2017-08-03,28.25,111.22
2017-08-04,28.25,111.22
2017-08-07,28.35,111.614
2017-08-08,28.55,111.811
2017-08-09,28.45,110.825
2017-08-10,28.15,109.05
2017-08-11,27.65,107.078
2017-08-14,27.9,108.163
2017-08-15,27.85,108.459
2017-08-16,28.1,109.248
2017-08-17,28.05,109.149
2017-08-18,27.75,108.262
2017-08-21,27.9,108.755
2017-08-22,28.15,110.529
2017-08-24,28.2,111.515
2017-08-25,28.55,113.882
2017-08-28,28.65,114.572
2017-08-29,28.5,114.079
2017-08-30,28.85,114.868
2017-08-31,28.75,114.079
2017-09-01,28.75,114.079
2017-09-04,28.6,113.192
2017-09-05,28.6,113.192
2017-09-06,28.45,112.699
2017-09-07,28.4,112.304
2017-09-08,28.55,112.6
2017-09-11,28.85,113.487
2017-09-12,28.85,113.586
2017-09-13,28.75,113.192
2017-09-14,28.7,112.6
2017-09-15,28.7,112.008
2017-09-18,29,112.994
2017-09-19,28.95,112.6
2017-09-20,29,113.1
2017-09-21,29,113.2
