date,2800,2822,2828,3188
2012-11-08,18.885,8.3142,92.3,26.822
2012-11-09,18.754,8.3232,91.695,26.774
2012-11-12,18.798000000000002,8.3953,91.695,26.965
2012-11-13,18.58,8.2511,89.88,26.488
2012-11-14,18.798000000000002,8.3232,91.263,26.631
2012-11-15,18.536,8.1519,89.707,26.249
2012-11-16,18.493,8.0887,89.793,25.963
2012-11-19,18.711,8.0346,90.398,26.011
2012-11-20,18.667,8.0166,89.793,25.867
2012-11-21,18.928,8.1609,91.263,26.249
2012-11-22,19.102,8.1699,92.3,26.154
2012-11-23,19.276,8.2781,93.077,26.297
2012-11-26,19.233,8.233,92.732,26.058
2012-11-27,19.189,8.1429,92.386,25.867
2012-11-28,19.059,8.0346,91.003,25.533
2012-11-29,19.276,8.0346,92.04,25.677
2012-11-30,19.363,8.1068,93.164,25.915
2012-12-03,19.102,8.0256,91.608,25.533
2012-12-04,19.146,8.1158,92.213,25.867
2012-12-05,19.581,8.5667,94.892,27.108
2012-12-06,19.537,8.4044,95.065,26.488
2012-12-07,19.494,8.6569,95.757,27.108
2012-12-10,19.537,8.6929,96.189,27.299
2012-12-11,19.581,8.6569,96.189,27.156
2012-12-12,19.755,8.7019,97.744,27.299
2012-12-13,19.711,8.6118,97.658,27.061
2012-12-14,19.885,9.1077,99.145,28.397
2012-12-17,19.755,9.2881,98.883,28.826
2012-12-18,19.755,9.2881,98.883,28.779
2012-12-19,19.885,9.2159,99.845,28.731
2012-12-20,19.842,9.3242,99.32,29.017
2012-12-21,19.755,9.1618,98.445,28.588
2012-12-24,19.755,9.234,98.708,28.826
2012-12-27,19.885,9.4504,99.495,29.638
2012-12-28,19.929,9.5406,99.583,30.02
2012-12-31,19.885,9.6488,100.196,30.02
2013-01-02,20.451,10.0636,104.046,31.308
2013-01-03,20.495,10.0636,106.058,31.308
2013-01-04,20.451,9.8472,104.396,30.688
2013-01-07,20.451,9.9373,104.746,31.165
2013-01-08,20.233,9.739,102.383,30.688
2013-01-09,20.408,9.739,103.433,30.736
2013-01-10,20.538,9.7931,104.483,30.783
2013-01-11,20.451,9.6127,103.608,30.067
2013-01-14,20.538,9.9373,105.008,31.022
2013-01-15,20.538,9.955400000000001,105.008,31.404
2013-01-16,20.495,9.8111,104.133,31.022
2013-01-17,20.495,9.7209,103.958,30.736
2013-01-18,20.712,9.8652,105.883,31.26
2013-01-21,20.712,9.8832,106.146,31.404
2013-01-22,20.712,9.8652,106.759,31.213
2013-01-23,20.756,9.8652,106.321,31.213
2013-01-24,20.712,9.8832,105.971,31.117
2013-01-25,20.712,9.757,105.008,30.879
2013-01-28,20.799,10.0095,105.883,31.595
2013-01-29,20.799,10.0636,105.883,31.69
2013-01-30,20.886,10.2079,106.584,31.929
2013-01-31,20.843,10.1718,106.146,31.976
2013-02-01,20.799,10.3702,106.934,32.358
2013-02-04,20.799,10.3702,106.234,32.263
2013-02-05,20.32,10.2439,103.346,32.215
2013-02-06,20.408,10.3882,103.696,32.406
2013-02-07,20.364,10.1538,102.121,31.881
2013-02-08,20.451,10.2439,101.946,32.358
2013-02-14,20.582,10.3161,103.433,32.692
2013-02-15,20.582,10.3522,103.521,32.883
2013-02-18,20.538,10.1718,102.646,32.358
2013-02-19,20.32,9.901299999999999,100.983,31.404
2013-02-20,20.451,9.9373,102.033,31.547
2013-02-21,20.103,9.6488,99.845,30.497
2013-02-22,20.016,9.5947,99.145,30.497
2013-02-25,20.059,9.6488,98.97,30.783
2013-02-26,19.755,9.3963,97.045,30.067
2013-02-27,19.842,9.5947,97.745,30.592
2013-02-28,20.19,9.9734,99.933,31.595
2013-03-01,20.103,9.7931,99.32,31.404
2013-03-04,19.798000000000002,9.4143,97.483,30.211
2013-03-05,19.798000000000002,9.6488,97.745,30.783
2013-03-06,19.972,9.775,99.32,31.117
2013-03-07,20.016,9.6127,98.97,30.783
2013-03-08,20.32,9.6849,100.633,30.879
2013-03-11,20.32,9.6127,100.283,30.783
2013-03-12,20.146,9.4324,98.795,30.163
2013-03-13,19.842,9.3783,96.87,29.924
2013-03-14,19.885,9.4143,97.22,30.067
2013-03-15,19.798000000000002,9.2881,96.17,29.733
2013-03-18,19.407,9.1438,94.42,29.447
2013-03-19,19.32,9.1799,93.895,29.59
2013-03-20,19.624,9.5406,96.083,30.64
2013-03-21,19.581,9.5045,95.645,30.688
2013-03-22,19.494,9.5406,95.383,30.736
2013-03-25,19.624,9.5586,96.083,30.736
2013-03-26,19.668,9.4865,95.645,30.354
2013-03-27,19.755,9.4324,96.258,30.306
2013-03-28,19.668,9.1438,95.208,29.542
2013-04-02,19.755,9.1077,94.508,29.304
2013-04-03,19.668,9.0356,94.158,29.065
2013-04-05,19.146,8.8552,91.357,28.492
2013-04-08,19.146,8.8823,91.27,28.874
2013-04-09,19.276,9.0085,92.757,29.208
2013-04-10,19.407,9.0085,93.282,29.256
2013-04-11,19.407,8.9995,93.632,29.161
2013-04-12,19.494,8.9364,93.195,28.97
2013-04-15,19.146,8.9093,91.445,28.779
2013-04-16,19.102,8.9274,91.182,28.874
2013-04-17,19.015,8.8823,90.132,28.826
2013-04-18,18.972,8.9364,89.695,28.874
2013-04-19,19.45,9.234,92.495,29.972
2013-04-22,19.407,9.1799,92.67,29.733
2013-04-23,19.189,8.9454,91.182,28.874
2013-04-24,19.581,9.0536,93.02,29.304
2013-04-25,19.755,8.9454,93.983,29.113
2013-04-26,19.929,8.9364,94.858,29.065
2013-04-29,19.885,8.9364,94.333,28.922
2013-04-30,20.016,9.0176,95.383,29.208
2013-05-02,20.016,8.9364,94.508,28.97
2013-05-03,20.016,9.1077,94.683,29.351
2013-05-06,20.192,9.2159,96.17,29.829
2013-05-07,20.279,9.2159,97.133,29.924
2013-05-08,20.411,9.3061,98.445,30.163
2013-05-09,20.498,9.2159,98.62,29.972
2013-05-10,20.586,9.252,99.233,30.115
2013-05-13,20.235,9.1438,97.133,29.876
2013-05-14,20.279,9.0356,96.52,29.542
2013-05-15,20.367,9.0536,97.045,29.495
2013-05-16,20.367,9.1799,96.433,30.02
2013-05-20,20.761,9.3783,97.92,30.879
2013-05-21,20.673000000000002,9.3602,97.045,30.783
2013-05-22,20.586,9.3783,96.87,30.736
2013-05-23,20.016,9.2159,94.07,30.258
2013-05-24,20.06,9.234,93.808,30.545
2013-05-27,20.104,9.252,93.983,30.736
2013-05-28,20.323,9.4324,95.47,31.356
2013-05-29,19.973,9.3422,94.07,31.022
2013-05-30,19.973,9.3602,93.895,31.117
2013-05-31,19.885,9.252,92.845,30.688
2013-06-03,19.797,9.2159,92.582,30.592
2013-06-04,19.797,9.1799,92.67,30.401
2013-06-05,19.622,9.1438,91.882,30.401
2013-06-06,19.403,9.0536,91.007,30.02
2013-06-07,19.228,8.9274,90.22,29.495
2013-06-10,19.272,8.9093,89.87,29.447
2013-06-11,19.053,8.8282,88.295,29.161
2013-06-13,18.746,8.6478,86.588,28.54
2013-06-14,18.79,8.6659,86.194,28.826
2013-06-17,19.053,8.6478,87.376,28.826
2013-06-18,19.053,8.6659,87.244,28.779
2013-06-19,18.878,8.5306,86.194,28.492
2013-06-20,18.308,8.3232,83.525,27.729
2013-06-21,18.221,8.3232,83.307,27.776
2013-06-24,17.826,7.8723,80.725,26.202
2013-06-25,17.87,7.7371,80.156,25.724
2013-06-26,18.308,7.8453,82.432,26.154
2013-06-27,18.396,7.7641,82.565,25.772
2013-06-28,18.701999999999998,7.9986,83.94,26.345
2013-07-02,18.571,7.9354,83.186,26.297
2013-07-03,18.133,7.7821,80.657,25.915
2013-07-04,18.44,7.9264,81.544,26.631
2013-07-05,18.79,7.9986,83.186,26.631
2013-07-08,18.527,7.9174,82.032,26.202
2013-07-09,18.615,7.8812999999999995,81.899,26.106
2013-07-10,18.79,8.0617,83.141,26.727
2013-07-11,19.316,8.4585,86.203,28.015
2013-07-12,19.053,8.2962,84.96,27.49
2013-07-15,19.097,8.3322,85.138,27.681
2013-07-16,19.14,8.3142,85.094,27.776
2013-07-17,19.228,8.2691,85.626,27.633
2013-07-18,19.184,8.1248,85.626,27.227
2013-07-19,19.228,7.9535,85.271,26.602
2013-07-22,19.184,7.9354,84.96,26.602
2013-07-23,19.666,8.1609,88.199,27.516
2013-07-24,19.754,8.0617,88.244,27.371
2013-07-25,19.666,8.0437,88.022,27.227
2013-07-26,19.754,8.0166,88.022,27.083
2013-07-29,19.666,7.8633,87.09,26.409
2013-07-30,19.71,7.8994,87.179,26.409
2013-07-31,19.622,7.8904,87.09,26.409
2013-08-01,19.841,8.0797,87.755,27.131
2013-08-02,19.885,8.0707,87.755,27.131
2013-08-05,19.973,8.1609,87.755,27.467
2013-08-06,19.666,8.1789,87.09,27.756
2013-08-07,19.359,8.0887,85.182,27.467
2013-08-08,19.491,8.1158,85.582,27.612
2013-08-09,19.535,8.1429,86.602,27.852
2013-08-12,19.973,8.4044,89.619,28.526
2013-08-13,20.279,8.5036,91.748,28.718
2013-08-15,20.235,8.3953,92.103,28.285
2013-08-16,20.235,8.4044,92.281,28.189
2013-08-19,20.148,8.4314,92.015,28.189
2013-08-20,19.666,8.3412,89.264,27.9
2013-08-21,19.622,8.3503,89.175,27.997
2013-08-22,19.71,8.3683,89.796,28.093
2013-08-23,19.666,8.2691,89.708,27.756
2013-08-26,19.841,8.3863,91.039,28.285
2013-08-27,19.71,8.3773,90.151,28.333
2013-08-28,19.403,8.2871,88.11,28.189
2013-08-29,19.535,8.3232,88.909,28.285
2013-08-30,19.535,8.2962,88.288,28.093
2013-09-02,20.016,8.3593,90.772,28.333
2013-09-03,20.148,8.4494,92.458,28.526
2013-09-04,20.104,8.4494,92.458,28.526
2013-09-05,20.367,8.4945,93.523,28.526
2013-09-06,20.411,8.5216,93.612,28.574
2013-09-09,20.498,8.8643,95.12,29.344
2013-09-10,20.673000000000002,9.0085,96.629,29.825
2013-09-11,20.673000000000002,9.0356,95.919,29.873
2013-09-12,20.717,9.1799,96.185,30.161
2013-09-13,20.673000000000002,9.1258,95.298,30.017
2013-09-16,21.024,9.0717,96.717,29.873
2013-09-17,20.892,8.9003,96.096,29.344
2013-09-18,20.849,8.9093,95.653,29.392
2013-09-19,21.199,9.0356,97.338,29.728
2013-09-23,21.111,8.9544,96.717,29.776
2013-09-24,20.936,8.7921,95.741,29.536
2013-09-25,20.936,8.729,95.741,29.392
2013-09-26,20.892,8.6118,95.386,28.911
2013-09-27,20.936,8.5937,94.854,28.862
2013-09-30,20.673000000000002,8.5667,93.346,28.911
2013-10-02,20.761,8.5847,93.346,29.055
2013-10-03,20.98,8.674900000000001,95.031,29.199
2013-10-04,20.892,8.6839,95.031,29.295
2013-10-07,20.761,8.6478,94.144,29.199
2013-10-08,20.98,8.7019,95.12,29.488
2013-10-09,20.849,8.72,94.854,29.584
2013-10-10,20.761,8.6298,94.677,29.295
2013-10-11,21.024,8.729,95.564,29.632
2013-10-15,21.111,8.7019,96.451,29.632
2013-10-16,20.936,8.6208,96.008,29.392
2013-10-17,20.805,8.5757,95.386,29.151
2013-10-18,21.068,8.5847,96.185,29.151
2013-10-21,21.155,8.6659,96.185,29.632
2013-10-22,21.068,8.5937,96.185,29.584
2013-10-23,20.805,8.512599999999999,94.499,29.055
2013-10-24,20.673000000000002,8.512599999999999,93.257,29.103
2013-10-25,20.542,8.4585,91.926,28.622
2013-10-28,20.673000000000002,8.4675,92.813,28.766
2013-10-29,20.717,8.5937,93.967,28.766
2013-10-30,21.111,8.7019,96.008,29.199
2013-10-31,20.959,8.6388,95.919,28.862
2013-11-01,21.004,8.711,96.451,29.055
2013-11-04,20.959,8.6839,96.451,28.959
2013-11-05,20.824,8.6298,96.008,28.862
2013-11-06,20.779,8.5667,95.209,28.67
2013-11-07,20.645,8.5306,94.588,28.43
2013-11-08,20.555,8.4494,93.967,28.141
2013-11-11,20.869,8.5396,95.653,28.381
2013-11-12,20.734,8.5216,95.475,28.333
2013-11-13,20.331,8.3412,92.813,27.708
2013-11-14,20.465,8.3863,93.789,27.997
2013-11-15,20.824,8.6298,96.54,28.622
2013-11-18,21.408,8.9815,101.953,29.728
2013-11-19,21.408,8.9184,102.574,29.632
2013-11-20,21.453,8.9003,103.106,29.536
2013-11-21,21.318,8.8011,102.219,29.344
2013-11-22,21.408,8.8011,103.284,29.344
2013-11-25,21.497,8.7651,102.84,29.151
2013-11-26,21.497,8.729,102.041,29.151
2013-11-27,21.542,8.8102,102.751,29.344
2013-11-28,21.542,8.8823,102.574,29.632
2013-11-29,21.632,8.9274,103.106,29.776
2013-12-02,21.722,8.9634,103.993,29.536
2013-12-03,21.632,8.9815,103.284,29.68
2013-12-04,21.497,9.0536,102.485,30.017
2013-12-05,21.453,9.0085,102.751,29.969
2013-12-06,21.542,8.9378,102.574,29.68
2013-12-09,21.542,8.9561,103.017,29.776
2013-12-10,21.497,8.9286,102.574,29.776
2013-12-11,21.094,8.7363,99.823,29.199
2013-12-12,21.049,8.6722,99.113,29.151
2013-12-13,21.049,8.6997,99.266,29.103
2013-12-16,20.914,8.5715,98.727,28.574
2013-12-17,20.869,8.5532,98.278,28.526
2013-12-18,20.959,8.5715,98.637,28.574
2013-12-19,20.69,8.4341,97.112,28.189
2013-12-20,20.645,8.2784,95.765,27.948
2013-12-23,20.779,8.2693,95.855,27.804
2013-12-24,21.004,8.3517,97.83,28.093
2013-12-27,21.049,8.3151,97.65,27.997
2013-12-30,21.049,8.251,97.022,27.948
2013-12-31,21.049,8.3609,97.56,28.285
2014-01-02,21.094,8.3334,96.483,28.189
2014-01-03,20.645,8.196,94.24,27.852
2014-01-06,20.51,8.0587,92.804,27.467
2014-01-07,20.555,8.022,92.175,27.275
2014-01-08,20.824,8.077,93.073,27.371
2014-01-09,20.6,8.0037,91.637,27.131
2014-01-10,20.69,8.022,91.637,27.083
2014-01-13,20.734,8.0312,91.906,26.938
2014-01-14,20.645,8.0678,91.637,27.035
2014-01-15,20.734,8.0587,91.996,27.083
2014-01-16,20.824,8.0403,91.816,27.083
2014-01-17,20.959,7.9762,91.727,26.746
2014-01-20,20.734,7.9213000000000005,90.56,26.698
2014-01-21,20.824,7.9854,92.086,26.938
2014-01-22,20.869,8.1502,93.073,27.516
2014-01-23,20.6,8.0678,91.278,27.419
2014-01-24,20.286,8.0678,90.38,27.467
2014-01-27,19.882,7.9762,88.54,27.083
2014-01-28,19.882,8.022,88.181,27.516
2014-01-29,20.016,8.0403,89.258,27.612
2014-01-30,19.927,7.9946,88.451,27.516
2014-02-04,19.388,7.7839,85.982,26.842
2014-02-05,19.253,7.7656,85.444,26.938
2014-02-06,19.388,7.8206,85.893,27.083
2014-02-07,19.568,7.9305,86.925,27.467
2014-02-10,19.523,8.0312,86.566,27.9
2014-02-11,19.882,8.1686,88.72,28.189
2014-02-12,20.196,8.1869,90.201,28.237
2014-02-13,20.061,8.1594,88.989,28.093
2014-02-14,20.241,8.2327,89.662,28.43
2014-02-17,20.331,8.2418,90.919,28.574
2014-02-18,20.42,8.1045,90.56,28.285
2014-02-19,20.465,8.2143,90.47,28.526
2014-02-20,20.286,8.1502,89.842,28.285
2014-02-21,20.42,8.0312,89.438,27.948
2014-02-24,20.241,7.8114,88.226,27.371
2014-02-25,20.241,7.6466,87.777,26.65
2014-02-26,20.331,7.6373999999999995,88.361,26.505
2014-02-27,20.69,7.6924,89.662,26.65
2014-02-28,20.645,7.7107,88.989,26.746
2014-03-03,20.375,7.6283,87.912,26.553
2014-03-04,20.51,7.6373999999999995,88.136,26.698
2014-03-05,20.465,7.6008,86.925,26.505
2014-03-06,20.555,7.6924,87.015,26.746
2014-03-07,20.555,7.6924,87.553,26.65
2014-03-10,20.151,7.4634,85.848,25.688
2014-03-11,20.151,7.5001,85.893,25.736
2014-03-12,19.927,7.4634,84.367,25.688
2014-03-13,19.792,7.5275,83.963,25.88
2014-03-14,19.612,7.5092,83.873,25.784
2014-03-17,19.523,7.5367,84.098,26.024
2014-03-18,19.612,7.4726,84.098,25.88
2014-03-19,19.612,7.4085,84.457,25.736
2014-03-20,19.253,7.2711,82.886,25.255
2014-03-21,19.523,7.6190999999999995,84.905,26.169
2014-03-24,19.882,7.674,87.374,26.409
2014-03-25,19.792,7.6466,87.284,26.313
2014-03-26,19.927,7.6099,88.72,26.265
2014-03-27,19.837,7.5916,89.124,26.217
2014-03-28,20.061,7.6283,90.111,26.169
2014-03-31,20.106,7.6190999999999995,90.65,26.121
2014-04-01,20.42,7.6832,90.829,26.361
2014-04-02,20.42,7.7565,90.201,26.602
2014-04-03,20.465,7.7198,90.829,26.409
2014-04-04,20.42,7.7198,91.098,26.361
2014-04-07,20.286,7.729,91.457,26.409
2014-04-08,20.555,7.9579,93.073,27.131
2014-04-09,20.779,7.9579,93.342,27.083
2014-04-10,21.094,8.2601,93.881,27.804
2014-04-11,20.869,8.1319,92.175,27.371
2014-04-14,20.914,8.0953,92.355,27.323
2014-04-15,20.555,7.8847000000000005,90.38,26.842
2014-04-16,20.645,7.8664,90.56,26.842
2014-04-17,20.69,7.9030000000000005,90.739,26.842
2014-04-22,20.69,7.7565,90.47,26.409
2014-04-23,20.465,7.7381,89.169,26.457
2014-04-24,20.51,7.7839,89.528,26.505
2014-04-25,20.151,7.6649,88.316,26.169
2014-04-28,20.151,7.6190999999999995,88.226,25.784
2014-04-29,20.467,7.7107,88.944,26.121
2014-04-30,20.106,7.6832,88.092,25.976
2014-05-02,20.287,7.7198,88.451,26.072
2014-05-05,20.015,7.6556999999999995,87.777,26.024
2014-05-07,19.835,7.6008,87.149,25.832
2014-05-08,19.925,7.6466,87.822,25.784
2014-05-09,19.97,7.6190999999999995,87.149,25.784
2014-05-12,20.377,7.7473,88.63,26.169
2014-05-13,20.422,7.7381,88.944,26.361
2014-05-14,20.648,7.7473,90.021,26.313
2014-05-15,20.738,7.729,89.752,26.217
2014-05-16,20.693,7.7015,89.528,26.024
2014-05-19,20.693,7.5733,89.258,25.736
2014-05-20,20.829,7.5733,88.989,25.591
2014-05-21,20.919,7.6283,89.931,25.784
2014-05-22,21.009,7.6556999999999995,91.278,25.928
2014-05-23,21.055,7.6832,91.368,26.024
2014-05-26,21.055,7.7198,91.547,26.169
2014-05-27,21.055,7.6924,91.098,26.024
2014-05-28,21.235,7.7748,92.265,26.265
2014-05-29,21.145,7.7198,91.906,26.072
2014-05-30,21.235,7.7381,92.804,26.024
2014-06-03,21.371,7.729,93.701,26.024
2014-06-04,21.281,7.6373999999999995,93.432,25.784
2014-06-05,21.281,7.729,93.881,25.928
2014-06-06,21.145,7.6649,93.791,25.736
2014-06-09,21.235,7.7381,94.24,25.928
2014-06-10,21.416,7.8755,95.227,26.313
2014-06-11,21.416,7.8389,95.137,26.217
2014-06-12,21.416,7.8389,95.227,26.169
2014-06-13,21.552,7.9762,95.855,26.698
2014-06-16,21.552,8.0129,96.035,26.794
2014-06-17,21.461,7.8938,95.317,26.409
2014-06-18,21.461,7.8389,95.227,26.121
2014-06-19,21.461,7.7473,94.958,25.736
2014-06-20,21.506,7.7839,95.496,25.928
2014-06-23,21.1,7.7198,93.701,25.88
2014-06-24,21.19,7.7931,94.24,25.928
2014-06-25,21.19,7.7473,93.791,25.88
2014-06-26,21.506,7.8114,95.248,26.121
2014-06-27,21.461,7.7839,94.975,26.169
2014-06-30,21.461,7.8297,95.157,26.313
2014-07-02,21.913,7.8938,96.796,26.553
2014-07-03,21.868,7.9305,97.251,26.698
2014-07-04,21.913,7.9579,97.524,26.65
2014-07-07,21.913,7.9030000000000005,97.524,26.65
2014-07-08,21.868,7.9121,97.615,26.602
2014-07-09,21.552,7.7931,96.158,26.361
2014-07-10,21.597,7.8114,96.34,26.313
2014-07-11,21.642,7.8023,96.705,26.409
2014-07-14,21.778,7.9305,97.251,26.698
2014-07-15,21.823,7.9305,97.524,26.698
2014-07-16,21.913,7.9305,97.433,26.602
2014-07-17,21.913,7.9030000000000005,97.16,26.553
2014-07-18,21.823,7.9488,96.978,26.675
2014-07-21,21.732,7.9396,96.34,26.675
2014-07-22,22.184,8.1045,98.799,27.163
2014-07-23,22.32,8.1594,100.438,27.163
2014-07-24,22.41,8.3883,101.531,27.895
2014-07-25,22.546,8.5074,102.35,28.187
2014-07-28,22.681,8.7089,102.897,28.821
2014-07-29,22.907,8.7455,103.443,29.016
2014-07-30,23.043,8.6264,103.261,29.016
2014-07-31,23.088,8.8371,103.443,29.358
2014-08-01,22.817,8.7363,101.986,29.016
2014-08-04,22.907,8.9195,102.988,29.504
2014-08-05,22.862,8.8645,102.168,29.455
2014-08-06,22.862,8.773,101.895,29.455
2014-08-07,22.726,8.6173,100.802,28.967
2014-08-08,22.636,8.6631,100.62,29.065
2014-08-11,22.951999999999998,8.8279,102.624,29.65
2014-08-12,22.951999999999998,8.8279,102.624,29.601
2014-08-13,23.178,8.8279,103.807,29.553
2014-08-14,23.088,8.7272,102.988,29.162
2014-08-15,23.223,8.8187,103.17,29.601
2014-08-18,23.223,8.8279,102.897,29.796
2014-08-19,23.359,8.8187,103.079,29.796
2014-08-20,23.404,8.7455,102.533,29.504
2014-08-21,23.314,8.6264,101.531,29.309
2014-08-22,23.359,8.6905,102.533,29.553
2014-08-25,23.449,8.6081,103.17,29.26
2014-08-26,23.404,8.599,103.443,29.162
2014-08-27,23.223,8.5715,102.715,28.967
2014-08-28,23.088,8.4982,101.622,28.919
2014-08-29,23.088,8.6264,101.804,29.26
2014-09-01,23.043,8.6356,101.622,29.309
2014-09-02,23.088,8.7546,101.986,29.943
2014-09-03,23.63,8.9469,104.991,30.43
2014-09-04,23.585,8.9469,105.629,30.382
2014-09-05,23.54,9.0385,105.355,30.625
2014-09-08,23.494,9.0843,106.084,30.674
2014-09-10,23.088,8.8828,103.17,30.382
2014-09-11,23.088,8.8371,102.533,30.284
2014-09-12,22.997,8.9012,102.441,30.382
2014-09-15,22.817,8.7821,100.985,30.43
2014-09-16,22.636,8.6173,99.801,29.65
2014-09-17,22.862,8.6814,101.44,29.699
2014-09-18,22.636,8.6905,100.529,29.796
2014-09-19,22.772,8.773,100.529,30.089
2014-09-22,22.41,8.5257,98.708,29.358
2014-09-23,22.365,8.5257,98.617,29.699
2014-09-24,22.41,8.7363,99.71,30.382
2014-09-25,22.275,8.6631,99.072,30.333
2014-09-26,22.184,8.6722,98.799,30.333
2014-09-29,21.778,8.599,97.433,30.43
2014-09-30,21.506,8.599,96.249,30.333
2014-10-03,21.642,8.6447,96.614,30.674
2014-10-06,21.868,8.718,96.887,30.723
2014-10-07,21.958,8.7788,97.615,30.869
2014-10-08,21.823,8.7408,96.978,30.625
2014-10-09,22.049,8.7598,97.706,30.918
2014-10-10,21.642,8.6552,96.158,30.528
2014-10-13,21.732,8.5601,95.885,30.382
2014-10-14,21.642,8.522,95.794,30.235
2014-10-15,21.732,8.6076,95.976,30.43
2014-10-16,21.461,8.5506,94.975,30.284
2014-10-17,21.642,8.5791,95.612,30.333
2014-10-20,21.642,8.5981,95.976,30.479
2014-10-21,21.687,8.5601,95.794,30.333
2014-10-22,21.958,8.5886,97.069,30.187
2014-10-23,21.913,8.522,97.342,29.845
2014-10-24,21.868,8.484,96.978,29.699
2014-10-27,21.732,8.3318,96.249,29.26
2014-10-28,22.094,8.484,98.253,30.04
2014-10-29,22.365,8.6267,99.892,30.43
2014-10-30,22.216,8.6552,98.981,30.723
2014-10-31,22.495,8.8835,100.165,31.308
2014-11-03,22.402,8.8074,99.072,31.064
2014-11-04,22.402,8.7883,99.892,31.064
2014-11-05,22.263,8.7503,98.89,31.016
2014-11-06,22.216,8.7313,98.344,31.113
2014-11-07,22.077,8.7408,98.253,31.064
2014-11-10,22.309,9.0261,98.89,31.942
2014-11-11,22.309,9.1403,98.981,31.942
2014-11-12,22.449,9.2354,99.892,32.332
2014-11-13,22.542,9.1973,100.62,32.137
2014-11-14,22.588,9.2544,100.256,32.284
2014-11-17,22.309,9.0356,98.253,31.503
2014-11-18,22.077,8.8835,97.069,31.162
2014-11-19,21.937,8.8549,96.796,31.162
2014-11-20,21.844,8.8835,96.705,31.406
2014-11-21,22.03,9.0356,97.342,31.942
2014-11-24,22.449,9.2829,100.802,32.82
2014-11-25,22.402,9.321,100.529,33.161
2014-11-26,22.681,9.6063,102.715,33.795
2014-11-27,22.542,9.6634,102.168,33.747
2014-11-28,22.495,10.0248,103.534,34.478
2014-12-01,21.891,9.9107,100.711,34.039
2014-12-02,22.17,10.5765,103.443,35.892
2014-12-03,21.984,10.5955,102.897,36.429
2014-12-04,22.402,11.3754,106.539,38.672
2014-12-05,22.495,11.3373,107.632,38.526
2014-12-08,22.542,11.927,110.273,40.232
2014-12-09,22.03,10.9569,105.446,37.16
2014-12-10,22.077,11.5656,105.629,38.769
2014-12-11,21.937,11.3183,104.718,38.769
2014-12-12,21.844,11.2993,104.533,38.769
2014-12-15,21.658,11.4134,104.164,39.013
2014-12-16,21.287,11.87,103.703,40.086
2014-12-17,21.24,12.288499999999999,104.81,40.964
2014-12-18,21.426,12.2314,105.272,41.013
2014-12-19,21.751,12.288499999999999,106.286,41.598
2014-12-22,22.03,12.687899999999999,109.516,41.452
2014-12-23,21.937,12.1743,108.685,39.745
2014-12-24,21.984,11.8319,107.578,39.111
2014-12-29,22.309,12.764,111.638,41.354
2014-12-30,21.984,12.8782,110.346,41.403
2014-12-31,22.216,13.1825,111.914,41.891
2015-01-02,22.356,13.8103,113.852,43.256
2015-01-05,22.263,13.7342,113.575,44.036
2015-01-06,21.984,13.7532,111.453,43.792
2015-01-07,22.216,13.8103,111.638,43.987
2015-01-08,22.402,13.2967,111.73,42.817
2015-01-09,22.495,13.2396,112.376,42.671
2015-01-12,22.588,13.2586,111.822,42.573
2015-01-13,22.774,13.1635,112.283,42.573
2015-01-14,22.634,13.1825,111.73,42.183
2015-01-15,22.867,13.7912,113.391,43.987
2015-01-16,22.634,13.6961,112.376,43.89
2015-01-19,22.263,12.3455,106.655,39.745
2015-01-20,22.495,12.5548,109.147,40.915
2015-01-21,22.867,13.1255,111.638,42.768
2015-01-22,23.053,13.0684,112.007,42.915
2015-01-23,23.285,13.2206,114.036,43.305
2015-01-26,23.378,13.1445,113.76,43.354
2015-01-27,23.285,12.8972,112.007,42.768
2015-01-28,23.332,12.7831,111.361,42.476
2015-01-29,23.099,12.6118,109.239,41.793
2015-01-30,23.006,12.4406,109.147,41.11
2015-02-02,22.96,12.2124,107.763,40.525
2015-02-03,23.006,12.5358,109.423,41.5
2015-02-04,23.146,12.3265,109.331,41.061
2015-02-05,23.285,12.1934,109.608,40.623
2015-02-06,23.192,12.0792,108.777,40.379
2015-02-09,23.006,12.2504,108.408,40.671
2015-02-10,23.053,12.4216,108.87,41.403
2015-02-11,22.82,12.3836,108.408,41.598
2015-02-12,22.96,12.4977,109.423,41.842
2015-02-13,23.192,12.5738,110.715,42.134
2015-02-16,23.239,12.6118,111.176,42.524
2015-02-17,23.332,12.5928,111.638,42.573
2015-02-18,23.285,12.6499,111.914,42.72
2015-02-23,23.332,12.6309,111.914,42.622
2015-02-24,23.239,12.745,112.099,42.963
2015-02-25,23.239,12.4216,112.099,42.183
2015-02-26,23.425,12.764,113.667,43.354
2015-02-27,23.332,12.6689,113.483,43.061
2015-03-02,23.332,12.6689,113.483,43.305
2015-03-03,23.192,12.288499999999999,111.084,42.427
2015-03-04,22.913,12.1934,108.962,42.329
2015-03-05,22.727,12.0412,107.855,42.281
2015-03-06,22.774,11.9841,107.855,41.988
2015-03-09,22.727,12.2504,108.501,42.622
2015-03-10,22.542,12.0792,107.209,42.183
2015-03-11,22.356,12.1743,106.286,42.427
2015-03-12,22.449,12.5548,107.394,43.354
2015-03-13,22.449,12.6309,109.054,43.841
2015-03-16,22.588,12.9352,109.792,45.255
2015-03-17,22.588,13.1064,110.069,45.841
2015-03-18,22.774,13.4488,111.176,46.767
2015-03-19,23.053,13.4298,112.653,46.718
2015-03-20,23.006,13.7532,112.929,47.694
2015-03-23,23.099,13.8673,112.929,48.718
2015-03-24,23.006,13.600999999999999,111.545,47.791
2015-03-25,23.192,13.5439,111.361,47.791
2015-03-26,23.146,13.62,110.807,47.645
2015-03-27,23.099,13.7151,110.807,48.084
2015-03-30,23.471,14.1907,114.682,49.986
2015-03-31,23.518,13.9434,114.867,48.864
2015-04-01,23.657,14.2478,116.343,50.083
2015-04-02,23.843,14.1146,117.727,49.693
2015-04-08,24.726,14.8184,124.647,51.546
2015-04-09,25.377,14.7424,128.337,50.961
2015-04-10,25.701999999999998,15.1038,130.459,52.668
2015-04-13,26.399,15.3321,135.534,53.253
2015-04-14,26.027,15.4462,132.673,53.497
2015-04-15,26.074,15.6935,134.334,53.058
2015-04-16,26.167,16.5305,136.641,55.204
2015-04-17,26.12,16.5495,135.072,55.691
2015-04-20,25.563,16.0929,130.828,54.619
2015-04-21,26.306,16.4734,134.98,56.033
2015-04-22,26.353,16.8158,136.272,57.886
2015-04-23,26.213,16.3973,134.334,57.057
2015-04-24,26.446,16.4354,134.611,57.642
2015-04-27,26.864,16.8158,137.194,58.422
2015-04-28,26.864,16.9299,136.733,58.227
2015-04-29,26.798000000000002,16.8919,135.534,58.081
2015-04-30,26.518,16.7017,133.965,57.691
2015-05-04,26.565,16.8158,134.15,57.984
2015-05-05,26.19,16.3402,130.644,56.082
2015-05-06,26.097,16.15,130.09,55.74
2015-05-07,25.723,15.7505,127.784,54.082
2015-05-08,26.003,15.9408,130.367,55.009
2015-05-11,26.144,16.131,131.566,57.057
2015-05-12,25.863,16.131,129.629,57.301
2015-05-13,25.723,15.9598,128.706,56.862
2015-05-14,25.77,15.9408,127.876,57.057
2015-05-15,26.237,15.7886,129.998,56.374
2015-05-18,26.003,15.3891,129.075,55.887
2015-05-19,26.144,16.0739,131.843,58.374
2015-05-20,26.05,16.0169,132.028,58.374
2015-05-21,26.05,16.1881,131.197,59.885
2015-05-22,26.471,16.7017,133.873,61.105
2015-05-26,26.798000000000002,17.2723,137.471,64.323
2015-05-27,26.565,17.0441,136.641,63.592
2015-05-28,26.658,16.169,131.935,60.861
2015-05-29,26.003,15.9598,131.29,59.837
2015-06-01,26.19,16.6826,133.135,62.763
2015-06-02,26.05,16.5875,132.12,63.64
2015-06-03,26.19,16.5495,131.474,62.714
2015-06-04,26.144,16.8348,131.659,63.543
2015-06-05,25.816,16.7017,129.813,62.421
2015-06-08,25.91,17.6338,131.474,64.762
2015-06-09,25.629,17.3104,129.352,64.274
2015-06-10,25.302,17.0631,127.322,64.177
2015-06-11,25.582,17.0821,128.337,64.469
2015-06-12,25.91,17.2914,130.644,65.347
2015-06-15,25.442,16.6446,127.23,63.64
2015-06-16,25.208,16.2451,123.724,61.641
2015-06-17,25.349,16.3402,125.292,62.616
2015-06-18,25.349,15.9217,123.632,60.861
2015-06-19,25.442,15.3701,123.355,59.837
2015-06-22,25.77,15.5223,125.108,58.617
2015-06-23,26.003,15.6174,127.784,58.959
2015-06-24,26.097,15.7315,128.798,59.983
2015-06-25,25.957,15.3701,127.415,58.179
2015-06-26,25.489,14.8565,123.675,55.106
2015-06-29,24.881,14.2288,120.684,52.034
2015-06-30,25.115,15.1038,123.301,54.911
2015-07-02,25.162,14.457,121.806,51.449
2015-07-03,24.928,13.8103,120.123,47.791
2015-07-06,24.179,14.3619,116.851,49.206
2015-07-07,23.899,14.2858,112.738,46.084
2015-07-08,22.543,12.4216,105.633,37.94
2015-07-09,23.384,14.3048,109.092,46.718
2015-07-10,23.852,15.0277,113.112,51.059
2015-07-13,24.179,14.9326,114.421,51.205
2015-07-14,24.039,14.5141,112.738,49.888
2015-07-15,23.992,14.3809,111.336,48.425
2015-07-16,24.086,14.5141,111.897,49.547
2015-07-17,24.366,14.7424,113.018,51.241
2015-07-20,24.32,14.4951,112.271,50.357
2015-07-21,24.46,14.5141,112.925,50.603
2015-07-22,24.226,14.3619,111.616,50.357
2015-07-23,24.32,14.6663,112.551,51.782
2015-07-24,24.039,14.3809,111.242,50.996
2015-07-27,23.338,13.5059,107.223,46.722
2015-07-28,23.525,13.2206,106.662,46.034
2015-07-29,23.618,13.4298,107.503,47.704
2015-07-30,23.478,13.0684,106.194,46.427
2015-07-31,23.571,13.0113,106.007,46.476
2015-08-03,23.384,13.0303,104.979,46.23
2015-08-04,23.384,13.2586,105.446,47.999
2015-08-05,23.478,13.1445,105.914,47.458
2015-08-06,23.384,13.1445,105.82,47.065
2015-08-07,23.478,13.2967,107.036,48.195
2015-08-10,23.431,13.7151,107.41,50.406
2015-08-11,23.478,13.4679,107.41,49.375
2015-08-12,22.917,12.9162,105.166,46.967
2015-08-13,23.057,13.1064,105.633,48.294
2015-08-14,23.057,13.0874,105.353,48.392
2015-08-17,22.917,12.9162,104.605,48.097
2015-08-18,22.543,12.3836,102.829,45.051
2015-08-19,22.262,12.3075,101.614,45.395
2015-08-20,21.935,12.0792,99.183,44.216
2015-08-21,21.607,11.7558,97.407,42.251
2015-08-24,20.485,10.2911,91.752,37.977
2015-08-25,20.672,9.8346,90.91,35.864
2015-08-26,20.298,9.7775,90.349,34.98
2015-08-27,21.093,10.7477,94.042,39.156
2015-08-28,20.951999999999998,10.8237,93.154,39.254
2015-08-31,20.906,10.9189,92.967,38.468
2015-09-01,20.391,11.0901,90.349,38.026
2015-09-02,20.204,11.033,88.76,37.731
2015-09-04,20.111,11.033,87.592,36.994
2015-09-07,19.923000000000002,10.9949,87.124,37.387
2015-09-08,20.578,11.4895,90.63,40.286
2015-09-09,21.373,11.4895,95.351,40.875
2015-09-10,20.859,11.4134,93.668,40.04
2015-09-11,20.812,11.3183,92.92,39.549
2015-09-14,20.906,11.2042,92.92,38.664
2015-09-15,20.719,11.1852,92.78,37.289
2015-09-16,21.233,11.5466,94.79,39.5
2015-09-17,21.093,11.3754,95.257,38.615
2015-09-18,21.28,11.2422,96.005,38.861
2015-09-21,21.046,11.2803,94.603,39.598
2015-09-22,21.046,11.3754,93.761,39.942
2015-09-23,20.672,11.1091,91.424,39.057
2015-09-24,20.485,11.071,90.536,39.156
2015-09-25,20.578,11.033,91.004,38.959
2015-09-29,19.923000000000002,10.7857,88.199,38.026
2015-09-30,20.204,10.8428,89.929,38.321
2015-10-02,20.859,10.9949,92.593,38.861
2015-10-05,21.186,11.3183,94.416,39.794
2015-10-06,21.139,11.4134,94.883,40.187
2015-10-07,21.794,11.6988,99.277,42.153
2015-10-08,21.654,11.2993,98.248,40.089
2015-10-09,21.701,11.2613,99.37,40.138
2015-10-12,22.028,11.7558,100.492,42.202
2015-10-13,21.888,11.5466,99.37,41.956
2015-10-14,21.701,11.4325,98.716,40.924
2015-10-15,22.168,11.7368,100.679,42.693
2015-10-16,22.309,11.87,101.614,43.184
2015-10-19,22.309,11.8319,101.988,42.89
2015-10-20,22.215,11.850999999999999,101.614,43.037
2015-10-22,22.122,11.812899999999999,101.053,42.103
2015-10-23,22.449,11.9651,102.362,42.939
2015-10-26,22.355,11.850999999999999,102.455,42.644
2015-10-27,22.402,11.87,101.988,42.84
2015-10-28,22.215,11.6988,100.866,42.153
2015-10-29,22.052,11.7749,99.651,42.447
2015-10-30,21.956,11.812899999999999,99.37,42.398
2015-11-02,21.667,11.6037,97.781,41.465
2015-11-03,21.908,11.5846,98.248,41.367
2015-11-04,22.34,12.1363,100.585,43.626
2015-11-05,22.292,12.4597,101.24,44.462
2015-11-06,22.148,12.6118,100.679,45.739
2015-11-09,21.956,12.745,100.118,45.837
2015-11-10,21.715,12.6499,98.622,45.444
2015-11-11,21.667,12.6499,97.875,45.788
2015-11-12,22.244,12.5738,99.277,45.592
2015-11-13,21.715,12.3265,97.22,44.658
2015-11-16,21.331,12.3646,95.444,44.707
2015-11-17,21.619,12.3836,96.285,44.904
2015-11-18,21.523,12.3646,96.098,44.707
2015-11-19,21.812,12.4977,97.22,45.248
2015-11-20,22.052,12.5358,98.435,45.444
2015-11-23,22.004,12.4216,97.781,45.149
2015-11-24,21.908,12.3646,96.94,44.953
2015-11-25,21.86,12.4216,96.753,45.346
2015-11-26,21.86,12.3646,96.659,45.1
2015-11-27,21.427,11.812899999999999,94.229,42.791
2015-11-30,21.331,11.7558,93.574,42.742
2015-12-01,21.715,11.87,94.977,43.135
2015-12-02,21.812,12.4406,95.724,44.412
2015-12-03,21.715,12.5358,95.257,44.806
2015-12-04,21.571,12.288499999999999,94.042,44.069
2015-12-07,21.619,12.1363,93.668,43.921
2015-12-08,21.235,11.9841,92.219,43.086
2015-12-09,21.139,12.0031,91.378,42.939
2015-12-10,21.043,11.889,90.288,42.546
2015-12-11,20.851,11.87,88.962,42.546
2015-12-14,20.707,12.0792,88.962,43.577
2015-12-15,20.659,11.9461,89.293,43.381
2015-12-16,21.091,12.0412,91.235,43.577
2015-12-17,21.235,12.2314,92.372,44.609
2015-12-18,21.139,12.2888,92.088,44.806
2015-12-21,21.139,12.6199,93.272,45.837
2015-12-22,21.139,12.6588,92.941,45.69
2015-12-23,21.331,12.6588,94.22,45.739
2015-12-24,21.427,12.6199,95.215,45.542
2015-12-28,21.235,12.3277,93.32,44.412
2015-12-29,21.331,12.3862,93.32,44.658
2015-12-30,21.283,12.1914,92.325,44.216
2015-12-31,21.235,12.094,92.088,44.069
2016-01-04,20.61,11.4319,89.056,40.875
2016-01-05,20.562,11.568200000000001,88.156,41.023
2016-01-06,20.322,11.4708,87.304,40.679
2016-01-07,19.746,10.7697,83.751,38.075
2016-01-08,19.89,11.1592,84.604,39.303
2016-01-11,19.313,10.7697,81.24,37.141
2016-01-12,19.121,10.8087,80.53,37.485
2016-01-13,19.409,10.7308,81.193,37.043
2016-01-14,19.265,10.8282,80.861,37.682
2016-01-15,18.929,10.5166,78.777,36.454
2016-01-18,18.698,10.5166,77.735,36.552
2016-01-19,19.064,10.9255,80.009,38.173
2016-01-20,18.314,10.575,76.598,36.798
2016-01-21,18.026,10.3608,74.94,35.717
2016-01-22,18.564,10.536,77.451,36.404
2016-01-25,18.775,10.4581,78.067,36.748
2016-01-26,18.276,9.9323,75.461,34.734
2016-01-27,18.468,9.9907,75.935,34.783
2016-01-28,18.641,9.8544,76.74,34.292
2016-01-29,19.064,10.0491,78.635,35.127
2016-02-01,18.967,9.757,77.735,34.243
2016-02-02,18.852,9.9518,76.977,35.078
2016-02-03,18.449,9.8154,75.224,34.931
2016-02-04,18.622,9.9323,76.172,35.225
2016-02-05,18.718,9.9518,76.882,35.078
2016-02-11,17.968,9.6791,73.187,34.046
2016-02-12,17.795,9.6207,71.766,33.653
2016-02-15,18.372,9.9712,75.224,35.078
2016-02-16,18.545,10.2049,76.645,36.159
2016-02-17,18.352,10.166,75.651,36.159
2016-02-18,18.794,10.3023,77.972,36.748
2016-02-19,18.679,10.2244,77.356,36.552
2016-02-22,18.891,10.4581,78.54,37.191
2016-02-23,18.852,10.3023,78.019,36.552
2016-02-24,18.602,10.3802,76.882,36.65
2016-02-25,18.333,9.9323,75.177,34.685
2016-02-26,18.814,10.127,76.882,35.275
2016-02-29,18.545,9.9128,75.651,34.341
2016-03-01,18.794,10.0881,76.977,34.931
2016-03-02,19.409,10.3608,79.914,36.355
2016-03-03,19.361,10.4387,79.961,36.454
2016-03-04,19.602,10.7113,81.619,36.994
2016-03-07,19.65,10.6529,82.282,37.092
2016-03-08,19.506,10.6724,81.098,36.896
2016-03-09,19.506,10.6139,80.53,36.454
2016-03-10,19.506,10.4581,80.435,35.962
2016-03-11,19.698,10.5945,81.667,36.404
2016-03-14,19.89,10.6529,82.851,36.798
2016-03-15,19.794,10.5945,82.14,36.748
2016-03-16,19.746,10.7113,81.761,36.748
2016-03-17,19.938,10.8866,83.751,37.584
2016-03-18,20.13,11.0229,84.698,38.419
2016-03-21,20.082,11.1787,85.077,39.598
2016-03-22,20.082,11.0619,84.793,38.812
2016-03-23,20.082,11.0229,84.556,38.812
2016-03-24,19.794,10.8671,82.993,38.124
2016-03-29,19.794,10.8087,83.277,37.829
2016-03-30,20.322,11.1398,85.788,39.156
2016-03-31,20.226,11.0619,85.788,38.812
2016-04-01,19.938,11.0229,84.225,38.664
2016-04-05,19.602,11.0619,82.709,39.057
2016-04-06,19.698,11.0229,82.567,39.156
2016-04-07,19.746,10.8671,82.425,38.517
2016-04-08,19.842,10.9061,82.993,38.566
2016-04-11,19.986,11.0034,83.988,39.156
2016-04-12,19.986,11.0034,84.177,38.959
2016-04-13,20.659,11.1982,87.635,40.089
2016-04-14,20.851,11.1398,88.109,39.549
2016-04-15,20.755,11.1398,87.872,39.549
2016-04-18,20.61,11.0424,86.593,38.959
2016-04-19,20.899,11.0813,88.109,39.205
2016-04-20,20.659,10.945,87.02,38.321
2016-04-21,21.091,10.945,88.014,37.977
2016-04-22,20.947,11.0229,86.972,38.173
2016-04-25,20.707,10.9061,85.551,37.682
2016-04-26,20.851,10.984,85.93,37.977
2016-04-27,20.803,10.945,86.072,37.977
2016-04-28,20.812,10.9255,86.356,37.78
2016-04-29,20.474,10.8866,85.077,37.682
2016-05-03,20.086,10.9645,83.325,38.222
2016-05-04,20.038,10.9645,82.804,38.222
2016-05-05,19.893,10.9061,82.235,38.37
2016-05-06,19.554,10.6139,80.767,37.141
2016-05-09,19.651,10.4971,80.577,36.306
2016-05-10,19.796,10.5166,80.814,36.552
2016-05-11,19.554,10.4776,80.482,36.257
2016-05-12,19.409,10.536,80.293,36.355
2016-05-13,19.244,10.5166,79.109,36.257
2016-05-16,19.409,10.5166,79.298,36.404
2016-05-17,19.651,10.536,80.388,36.552
2016-05-18,19.322,10.4776,78.967,36.061
2016-05-19,19.244,10.4776,78.54,35.864
2016-05-20,19.506,10.536,79.156,36.257
2016-05-23,19.36,10.4971,79.109,36.306
2016-05-24,19.457,10.4776,79.203,36.257
2016-05-25,19.941,10.4776,81.335,36.159
2016-05-26,19.99,10.5166,81.288,36.159
2016-05-27,20.135,10.575,81.951,36.355
2016-05-30,20.183,10.536,82.33,36.208
2016-05-31,20.425,10.8866,83.23,37.682
2016-06-01,20.328,10.7503,83.183,37.584
2016-06-02,20.474,10.7892,83.561,38.075
2016-06-03,20.57,10.8087,84.225,37.878
2016-06-06,20.667,10.7697,84.698,37.878
2016-06-07,20.909,10.7892,86.119,37.878
2016-06-08,20.958,10.7113,86.356,37.436
2016-06-10,20.716,10.5945,84.604,36.945
2016-06-13,20.232,10.3802,82.519,35.766
2016-06-14,20.135,10.4581,81.998,36.061
2016-06-15,20.135,10.4581,82.377,36.503
2016-06-16,19.796,10.4581,81.146,36.208
2016-06-17,19.941,10.5166,81.761,36.503
2016-06-20,20.183,10.5555,83.277,36.699
2016-06-21,20.377,10.575,83.988,36.748
2016-06-22,20.619,10.6139,84.983,36.945
2016-06-23,20.667,10.5555,85.267,36.65
2016-06-24,20.086,10.4192,82.705,36.11
2016-06-27,20.038,10.4387,83.092,36.503
2016-06-28,20.038,10.4387,83.043,36.503
2016-06-29,20.328,10.5166,84.348,36.699
2016-06-30,20.667,10.536,85.605,36.896
2016-07-04,20.958,10.7697,86.572,37.485
2016-07-05,20.619,10.7503,85.218,37.338
2016-07-06,20.377,10.7503,83.768,37.436
2016-07-07,20.57,10.7697,84.735,37.485
2016-07-08,20.474,10.7308,84.107,37.289
2016-07-11,20.716,10.7503,85.75,37.436
2016-07-12,21.103,11.0034,87.2,38.37
2016-07-13,21.2,10.984,87.78,38.468
2016-07-14,21.442,10.984,88.747,38.419
2016-07-15,21.587,11.0424,89.134,38.516
2016-07-18,21.635,11.0034,89.472,38.318
2016-07-19,21.49,10.8866,88.409,37.921
2016-07-20,21.78,10.8866,88.747,37.822
2016-07-21,21.829,10.945,89.085,38.07
2016-07-22,21.78,10.8866,88.844,37.872
2016-07-25,21.829,10.8671,88.844,37.822
2016-07-26,22.022,10.9645,89.134,38.268
2016-07-27,21.926,10.9061,89.134,37.574
2016-07-28,22.022,10.9255,89.52,37.772
2016-07-29,21.732,10.8866,88.312,37.624
2016-08-01,22.022,10.9255,90.004,37.475
2016-08-03,21.587,10.8866,88.505,37.525
2016-08-04,21.684,10.8866,88.699,37.723
2016-08-05,22.022,10.9255,89.859,37.772
2016-08-08,22.313,10.9645,91.212,38.07
2016-08-09,22.313,11.0229,91.696,38.466
2016-08-10,22.313,11.0229,91.744,38.367
2016-08-11,22.41,11.1008,92.807,38.318
2016-08-12,22.603,11.3345,93.968,39.061
2016-08-15,22.845,11.6851,95.563,40.598
2016-08-16,22.748,11.5487,95.611,40.3
2016-08-17,22.652,11.5098,94.886,40.102
2016-08-18,22.942,11.4514,95.031,39.954
2016-08-19,22.797,11.4319,94.451,39.805
2016-08-22,22.894,11.392900000000001,94.354,39.507
2016-08-23,22.894,11.4319,94.451,39.557
2016-08-24,22.7,11.354,93.436,39.359
2016-08-25,22.7,11.2956,93.436,39.012
2016-08-26,22.845,11.2761,93.871,39.012
2016-08-29,22.748,11.2371,93.436,38.813
2016-08-30,22.894,11.2566,94.354,38.962
2016-08-31,22.894,11.315,94.064,39.061
2016-09-01,23.136,11.2566,94.644,38.813
2016-09-02,23.136,11.2956,95.128,38.863
2016-09-05,23.523,11.354,96.868,39.16
2016-09-06,23.668,11.3735,97.641,39.21
2016-09-07,23.668,11.3735,98.028,39.408
2016-09-08,23.765,11.392900000000001,98.511,39.408
2016-09-09,24.055,11.2761,98.995,38.913
2016-09-12,23.281,11.0619,95.031,38.07
2016-09-13,23.232,11.0619,94.306,38.02
2016-09-14,23.184,10.984,94.016,37.921
2016-09-15,23.329,11.0229,94.741,38.119
2016-09-19,23.474,11.1008,95.949,38.417
2016-09-20,23.523,11.1203,96.094,38.466
2016-09-21,23.571,11.0813,97.061,38.417
2016-09-22,23.716,11.1398,97.544,38.665
2016-09-23,23.571,11.1008,96.529,38.367
2016-09-26,23.329,10.945,94.983,37.673
2016-09-27,23.523,11.0229,95.998,38.02
2016-09-28,23.571,11.0034,95.756,38.119
2016-09-29,23.716,11.0424,96.384,38.318
2016-09-30,23.232,11.0034,94.403,38.119
2016-10-03,23.523,11.0424,95.369,38.367
2016-10-04,23.62,11.0619,96.046,38.367
2016-10-05,23.716,11.0813,96.481,38.367
2016-10-06,23.91,11.1398,97.931,38.615
2016-10-07,23.813,11.1592,97.544,38.516
2016-10-11,23.474,11.1592,96.384,38.863
2016-10-12,23.378,11.0813,95.176,38.466
2016-10-13,23.039,11.0229,93.484,38.417
2016-10-14,23.232,11.1203,94.644,38.665
2016-10-17,23.039,11.0034,94.113,38.119
2016-10-18,23.378,11.1592,95.756,38.764
2016-10-19,23.281,11.1203,95.031,38.665
2016-10-20,23.378,11.1398,95.418,38.764
2016-10-24,23.62,11.315,96.964,39.26
2016-10-25,23.571,11.2566,96.868,39.012
2016-10-26,23.329,11.1787,95.563,38.714
2016-10-27,23.136,11.1592,94.741,38.714
2016-10-28,22.99,11.2177,93.726,38.863
2016-10-31,22.961,11.1592,94.258,38.813
2016-11-01,23.159,11.2371,95.659,38.962
2016-11-02,22.861,11.1592,93.871,38.615
2016-11-03,22.762,11.2566,93.581,38.962
2016-11-04,22.712,11.2371,93.339,38.764
2016-11-07,22.861,11.2371,94.548,38.813
2016-11-08,22.911,11.2761,94.886,39.012
2016-11-09,22.464,11.1982,92.179,38.665
2016-11-10,22.911,11.2956,94.209,39.111
2016-11-11,22.563,11.354,92.904,39.309
2016-11-14,22.265,11.315,92.227,39.16
2016-11-15,22.364,11.2566,92.614,39.111
2016-11-16,22.364,11.2371,92.179,39.16
2016-11-17,22.265,11.2371,91.744,39.26
2016-11-18,22.314,11.2177,92.082,39.012
2016-11-21,22.414,11.315,93.001,39.111
2016-11-22,22.762,11.4319,94.934,39.607
2016-11-23,22.762,11.4708,95.079,39.607
2016-11-24,22.613,11.4514,95.224,39.557
2016-11-25,22.762,11.5877,96.288,40.152
2016-11-28,22.861,11.6851,96.964,40.35
2016-11-29,22.762,11.8603,96.964,40.697
2016-11-30,22.861,11.724,97.061,40.4
2016-12-01,22.961,11.782399999999999,97.158,40.747
2016-12-02,22.613,11.743500000000001,96.288,40.499
2016-12-05,22.563,11.5877,95.611,39.904
2016-12-06,22.712,11.5877,96.094,39.805
2016-12-07,22.861,11.568200000000001,96.771,39.805
2016-12-08,22.861,11.6072,97.254,39.854
2016-12-09,22.811,11.7045,96.964,39.854
2016-12-12,22.414,11.5487,95.418,38.813
2016-12-13,22.464,11.4903,95.515,38.764
2016-12-14,22.513,11.4514,95.515,38.714
2016-12-15,22.066,11.2177,93.271,37.971
2016-12-16,22.066,11.18,93.32,37.822
2016-12-19,21.867,11.08,92.393,37.624
2016-12-20,21.768,11.0,91.466,37.425
2016-12-21,21.867,11.1,92.1,37.673
2016-12-22,21.718,11.04,90.686,37.624
2016-12-23,21.619,10.96,90.296,37.475
2016-12-28,21.718,10.98,91.369,37.525
2016-12-29,21.818,10.88,91.418,37.178
2016-12-30,21.967,10.92,92.1,37.326
2017-01-03,22.165,11.06,93.027,37.624
2017-01-04,22.165,11.2,92.93,38.02
2017-01-05,22.464,11.38,94.247,38.714
2017-01-06,22.513,11.32,94.491,38.367
2017-01-09,22.613,11.32,94.393,38.516
2017-01-10,22.712,11.3,94.93,38.219
2017-01-11,22.961,11.32,95.564,37.921
2017-01-12,22.911,11.26,95.613,37.971
2017-01-13,22.961,11.36,96.101,37.971
2017-01-16,22.762,11.36,95.174,37.872
2017-01-17,22.911,11.42,95.418,38.07
2017-01-18,23.11,11.56,96.393,38.367
2017-01-19,23.11,11.5,96.101,38.318
2017-01-20,22.961,11.56,95.662,38.615
2017-01-23,22.911,11.58,95.662,38.764
2017-01-24,22.961,11.6,95.857,38.764
2017-01-25,23.06,11.64,95.808,38.863
2017-01-26,23.408,11.72,96.832,39.16
2017-01-27,23.408,11.7,96.637,38.962
2017-02-01,23.358,11.72,95.905,39.16
2017-02-02,23.209,11.74,95.418,39.061
2017-02-03,23.11,11.66,95.32,38.813
2017-02-06,23.358,11.68,96.442,38.962
2017-02-07,23.358,11.58,96.588,38.714
2017-02-08,23.557,11.58,97.759,38.764
2017-02-09,23.557,11.6,98.832,38.913
2017-02-10,23.656,11.68,99.515,39.21
2017-02-13,23.706,11.74,100.589,39.359
2017-02-14,23.756,11.72,100.784,39.359
2017-02-15,24.004,11.74,102.442,39.21
2017-02-16,24.153,11.78,102.735,39.408
2017-02-17,24.104,11.72,101.759,39.26
2017-02-20,24.203,11.92,102.637,39.805
2017-02-21,24.054,11.88,102.345,39.706
2017-02-22,24.203,11.88,103.418,39.904
2017-02-23,24.203,11.82,103.223,39.755
2017-02-24,24.153,11.82,102.442,39.706
2017-02-27,24.104,11.72,101.662,39.408
2017-02-28,23.905,11.68,101.174,39.359
2017-03-01,23.905,11.68,101.174,39.458
2017-03-02,23.805,11.56,100.589,39.061
2017-03-03,23.706,11.48,99.613,38.863
2017-03-06,23.706,11.54,99.906,39.061
2017-03-07,23.805,11.58,100.491,39.16
2017-03-08,23.855,11.54,100.881,39.111
2017-03-09,23.656,11.46,99.223,38.813
2017-03-10,23.706,11.44,98.93,38.813
2017-03-13,23.955,11.58,100.589,39.21
2017-03-14,23.955,11.54,101.174,39.111
2017-03-15,23.955,11.56,100.881,39.359
2017-03-16,24.402,11.7,103.125,39.755
2017-03-17,24.452,11.56,103.028,39.26
2017-03-20,24.601,11.56,103.808,39.408
2017-03-21,24.7,11.6,104.296,39.507
2017-03-22,24.452,11.54,102.442,39.408
2017-03-23,24.452,11.56,102.93,39.458
2017-03-24,24.551,11.68,103.028,39.805
2017-03-27,24.352,11.68,101.759,39.755
2017-03-28,24.501,11.64,102.345,39.706
2017-03-29,24.501,11.66,102.442,39.706
2017-03-30,24.452,11.58,101.564,39.359
2017-03-31,24.302,11.64,100.979,39.656
2017-04-03,24.352,11.68,101.271,39.656
2017-04-05,24.501,11.74,101.759,40.152
2017-04-06,24.402,11.72,101.076,40.102
2017-04-07,24.402,11.7,100.979,40.201
2017-04-10,24.402,11.62,100.589,39.854
2017-04-11,24.253,11.62,100.003,39.954
2017-04-12,24.452,11.64,100.198,40.003
2017-04-13,24.402,11.64,100.296,40.201
2017-04-18,24.004,11.54,98.735,39.607
2017-04-19,24.004,11.42,98.247,39.408
2017-04-20,24.203,11.54,98.832,39.755
2017-04-21,24.153,11.56,98.637,39.706
2017-04-24,24.302,11.52,99.223,39.26
2017-04-25,24.601,11.56,100.686,39.408
2017-04-26,24.7,11.56,101.174,39.408
2017-04-27,24.85,11.56,100.881,39.359
2017-04-28,24.8,11.54,100.589,39.309
2017-05-02,24.8,11.48,100.003,39.21
2017-05-04,24.9,11.44,99.223,38.863
2017-05-05,24.65,11.4,97.466,38.665
2017-05-08,24.75,11.38,98.149,38.417
2017-05-09,25.05,11.42,99.418,38.367
2017-05-10,25.15,11.44,100.198,38.219
2017-05-11,25.3,11.54,100.589,38.268
2017-05-12,25.35,11.74,100.881,38.863
2017-05-15,25.6,11.78,102.345,38.962
2017-05-16,25.6,11.82,102.345,39.26
2017-05-17,25.6,11.74,102.052,39.16
2017-05-18,25.4,11.68,100.784,38.813
2017-05-19,25.45,11.7,100.784,38.913
2017-05-22,25.65,11.82,101.759,39.111
2017-05-23,25.7,11.96,101.954,39.26
2017-05-24,25.65,11.94,102.052,39.16
2017-05-25,25.85,12.34,103.515,40.201
2017-05-26,25.9,12.32,103.808,40.152
2017-05-29,26.0,12.38,104.101,40.251
2017-05-31,26.0,12.46,104.296,40.449
2017-06-01,26.0,12.62,104.198,40.598
2017-06-02,26.25,12.52,104.686,40.449
2017-06-05,26.2,12.42,104.101,40.251
2017-06-06,26.3,12.54,104.394,40.747
2017-06-07,26.3,12.62,104.394,41.094
2017-06-08,26.4,12.78,104.881,41.589
2017-06-09,26.4,12.84,104.101,41.738
2017-06-12,26.15,12.78,103.223,41.688
2017-06-13,26.25,12.8,103.711,41.788
2017-06-14,26.25,12.64,103.613,41.242
2017-06-15,25.95,12.5,102.15,41.143
2017-06-16,26.0,12.4,102.247,41.044
2017-06-19,26.3,12.56,103.627,41.341
2017-06-20,26.2,12.5,103.135,41.242
2017-06-21,26.05,12.62,102.444,41.589
2017-06-22,26.15,12.72,103.036,41.688
2017-06-23,26.2,12.84,103.332,41.986
2017-06-26,26.3,12.96,104.318,42.581
2017-06-27,26.25,12.98,104.022,42.68
2017-06-28,26.2,12.94,103.43,42.482
2017-06-29,26.35,13.08,103.825,42.829
2017-06-30,26.25,13.06,103.332,42.779
2017-07-03,26.25,12.94,104.219,42.63
2017-07-04,26.0,12.78,103.43,42.333
2017-07-05,26.1,13.02,104.022,42.829
2017-07-06,26.15,13.02,104.515,42.829
2017-07-07,26.0,12.94,103.43,42.581
2017-07-10,26.15,13.0,103.332,42.68
2017-07-11,26.55,13.16,105.402,42.928
2017-07-12,26.7,13.14,106.388,42.829
2017-07-13,27.0,13.4,108.064,43.324
2017-07-14,27.05,13.44,108.36,43.423
2017-07-17,27.15,13.5,108.853,43.176
2017-07-18,27.15,13.5,108.755,43.076
2017-07-19,27.3,13.7,109.642,43.77
2017-07-20,27.35,13.74,109.741,44.068
2017-07-21,27.4,13.64,109.248,44.05
2017-07-24,27.55,13.72,109.346,44.25
2017-07-25,27.5,13.72,109.05,44.15
2017-07-26,27.6,13.64,109.346,43.85
2017-07-27,27.8,13.68,109.642,44.05
2017-07-28,27.65,13.68,108.853,44.15
2017-07-31,27.9,13.72,109.445,44.3
2017-08-01,28.2,13.9,111.417,44.7
2017-08-02,28.25,13.92,111.811,44.6
2017-08-03,28.25,13.74,111.22,44.25
2017-08-04,28.25,13.7,111.22,44.1
2017-08-07,28.35,13.72,111.614,44.3
2017-08-08,28.55,13.72,111.811,44.45
2017-08-09,28.45,13.64,110.825,44.35
2017-08-10,28.15,13.56,109.05,44.25
2017-08-11,27.65,13.28,107.078,43.4
2017-08-14,27.9,13.46,108.163,44.1
2017-08-15,27.85,13.56,108.459,44.2
2017-08-16,28.1,13.58,109.248,44.2
2017-08-17,28.05,13.64,109.149,44.55
2017-08-18,27.75,13.66,108.262,44.6
2017-08-21,27.9,13.7,108.755,44.95
2017-08-22,28.15,13.86,110.529,45.0
2017-08-24,28.2,13.94,111.515,44.95
2017-08-25,28.55,14.28,113.882,45.8
2017-08-28,28.65,14.42,114.572,46.45
2017-08-29,28.5,14.5,114.079,46.35
2017-08-30,28.85,14.52,114.868,46.5
2017-08-31,28.75,14.36,114.079,46.3
2017-09-01,28.75,14.4,114.079,46.65
2017-09-04,28.6,14.52,113.192,47.1
2017-09-05,28.6,14.58,113.192,47.3
2017-09-06,28.45,14.54,112.699,47.2
2017-09-07,28.4,14.46,112.304,47.0
2017-09-08,28.55,14.54,112.6,47.4
2017-09-11,28.85,14.42,113.487,47.15
2017-09-12,28.85,14.48,113.586,47.15
2017-09-13,28.75,14.44,113.192,47.15
2017-09-14,28.7,14.24,112.6,46.7
2017-09-15,28.7,14.24,112.008,46.75
2017-09-18,29.0,14.3,112.994,47.05
2017-09-19,28.95,14.14,112.6,46.6
2017-09-20,29.0,14.24,113.1,46.9
2017-09-21,29.0,14.24,113.2,46.6
