date,CCB,ICBC,PINGAN,BOCHK,CHINALIFE,BANKCOMM,BOC
2010-10-29,5.149,4.406,38.846,17.978,30.336,5.954,3.14
2010-11-01,5.323,4.463,40.359,18.644,31.274,5.968,3.242
2010-11-02,5.442,4.519,40.266,18.644,30.827,6.025,3.283
2010-11-03,5.588,4.724,40.941,18.755,31.363,6.144,3.357
2010-11-04,5.762,4.738,40.894,19.236,31.497,6.264,3.384
2010-11-05,5.783,4.759,41.383,19.791,31.631,6.313,3.423
2010-11-08,5.658,4.865,41.08,20.531,32.704,6.327,3.437
2010-11-09,5.623,4.773,40.103,21.123,32.436,6.299,3.374
2010-11-10,5.502,4.681,41.546,21.308,32.212,6.116,3.275
2010-11-11,5.545,4.816,43.501,21.345,32.257,6.158,3.296
2010-11-12,5.337,4.667,42.477,20.42,31.542,6.039,3.219
2010-11-15,5.272,4.583,41.662,19.976,31.006,6.004,3.169
2010-11-16,5.164,4.484,40.545,19.68,30.336,5.947,3.127
2010-11-17,5.107,4.357,40.778,19.976,30.157,5.842,3.035
2010-11-18,5.243,4.47,42.454,20.272,30.649,5.933,3.084
2010-11-19,5.193,4.392,43.943,20.087,30.515,5.898,3.049
2010-11-22,5.193,4.347,43.501,19.717,30.872,5.891,3.014
2010-11-23,5.064,4.246,41.592,19.273,29.889,5.772,2.894
2010-11-24,5.071,4.289,41.988,19.569,29.934,5.765,2.915
2010-11-25,5.064,4.34,41.872,19.31,29.978,5.758,2.936
2010-11-26,4.999,4.261,41.476,19.236,29.8,5.715,2.908
2010-11-29,5.085,4.289,41.965,19.791,30.202,5.75,2.95
2010-11-30,5.035,4.347,41.709,19.754,29.8,5.701,2.936
2010-12-01,5.049,4.311,42.361,20.494,30.112,5.779,2.979
2010-12-02,5.179,4.347,43.268,20.716,30.157,5.856,3.021
2010-12-03,5.1,4.304,42.337,20.457,29.755,5.758,2.986
2010-12-06,5.006,4.246,42.43,19.606,29.666,5.715,2.908
2010-12-07,5.071,4.297,42.593,19.532,29.755,5.743,2.957
2010-12-08,5.028,4.225,41.755,19.162,29.353,5.673,2.901
2010-12-09,4.999,4.217,41.872,19.199,29.487,5.659,2.901
2010-12-10,5.013,4.196,41.336,19.014,29.442,5.638,2.901
2010-12-13,5.071,4.225,41.011,19.162,29.487,5.673,2.936
2010-12-14,5.1,4.261,41.197,19.125,29.487,5.645,2.979
2010-12-15,4.985,4.181,39.986,19.088,28.951,5.554,2.894
2010-12-16,4.949,4.138,38.171,18.94,28.325,5.49,2.866
2010-12-17,5.006,4.138,38.637,19.347,28.236,5.413,2.866
2010-12-20,4.97,4.109,38.101,19.125,27.923,5.399,2.866
2010-12-21,5.013,4.153,39.381,19.162,28.325,5.519,2.908
2010-12-22,4.963,4.117,39.381,19.421,28.549,5.547,2.887
2010-12-23,4.927,4.102,38.706,19.199,28.281,5.49,2.852
2010-12-24,4.87,4.088,38.637,19.125,28.191,5.441,2.844
2010-12-28,4.798,4.03,39.032,19.051,28.013,5.406,2.823
2010-12-29,4.913,4.088,39.498,19.384,28.281,5.497,2.873
2010-12-30,4.949,4.138,39.87,19.421,28.281,5.511,2.873
2010-12-31,5.006,4.167,40.452,19.569,28.37,5.504,2.894
2011-01-03,5.078,4.21,41.104,19.791,28.683,5.603,2.929
2011-01-04,5.121,4.268,40.545,20.531,28.996,5.617,2.95
2011-01-05,5.121,4.282,39.73,20.827,29.04,5.638,2.929
2011-01-06,5.078,4.253,39.451,20.642,28.638,5.638,2.936
2011-01-07,5.071,4.225,39.055,20.605,29.085,5.645,2.922
2011-01-10,5.057,4.181,38.776,19.939,28.593,5.624,2.915
2011-01-11,5.1,4.239,38.753,20.235,28.638,5.61,2.936
2011-01-12,5.171,4.268,39.498,20.087,29.174,5.638,2.986
2011-01-13,5.243,4.333,39.824,20.161,28.996,5.68,3.021
2011-01-14,5.258,4.376,39.149,20.753,28.862,5.624,3.035
2011-01-17,5.15,4.318,38.287,20.457,28.638,5.575,2.993
2011-01-18,5.114,4.318,38.148,20.309,28.504,5.54,2.993
2011-01-19,5.186,4.347,38.753,20.494,28.772,5.575,3.028
2011-01-20,5.064,4.282,37.799,20.161,28.236,5.497,2.95
2011-01-21,5.049,4.239,37.403,19.976,28.102,5.469,2.943
2011-01-24,4.97,4.225,37.287,19.68,27.834,5.441,2.901
2011-01-25,4.949,4.217,36.518,19.421,27.566,5.399,2.887
2011-01-26,5.028,4.217,36.891,19.125,27.611,5.378,2.894
2011-01-27,4.956,4.196,36.728,19.125,27.566,5.35,2.866
2011-01-28,4.934,4.174,36.449,18.644,27.342,5.301,2.859
2011-01-31,4.92,4.174,35.96,18.607,27.074,5.223,2.859
2011-02-01,4.877,4.167,35.727,18.496,26.94,5.202,2.859
2011-02-02,4.956,4.232,36.286,18.866,27.164,5.279,2.894
2011-02-07,4.877,4.16,35.308,18.311,26.896,5.223,2.852
2011-02-08,4.891,4.189,35.704,17.978,26.896,5.272,2.852
2011-02-09,4.819,4.131,35.844,17.719,26.628,5.244,2.795
2011-02-10,4.712,4.059,35.262,16.98,26.136,5.146,2.76
2011-02-11,4.74,4.088,35.564,17.424,26.002,5.202,2.753
2011-02-14,4.805,4.167,36.681,17.572,26.36,5.294,2.816
2011-02-15,4.726,4.117,36.1,17.609,26.226,5.23,2.795
2011-02-16,4.827,4.153,36.681,17.867,26.806,5.301,2.837
2011-02-17,4.855,4.189,36.984,17.719,27.208,5.336,2.859
2011-02-18,4.949,4.268,38.311,17.904,27.164,5.455,2.915
2011-02-21,4.906,4.268,37.589,17.83,26.896,5.427,2.901
2011-02-22,4.776,4.217,36.565,17.276,26.181,5.294,2.837
2011-02-23,4.748,4.16,35.983,17.461,25.957,5.244,2.823
2011-02-24,4.719,4.124,35.401,17.276,25.6,5.181,2.788
2011-02-25,4.812,4.225,36.053,17.461,25.868,5.23,2.837
2011-02-28,4.891,4.304,37.193,17.867,26.494,5.279,2.901
2011-03-01,4.942,4.369,37.799,18.348,26.494,5.343,2.908
2011-03-02,4.898,4.325,37.193,18.311,26.181,5.322,2.894
2011-03-03,4.949,4.369,37.612,18.274,26.27,5.434,2.915
2011-03-04,5.006,4.441,38.52,18.422,26.94,5.547,2.95
2011-03-07,4.992,4.419,38.73,18.385,26.851,5.526,2.943
2011-03-08,5.071,4.455,39.288,18.607,27.253,5.603,2.964
2011-03-09,5.157,4.52,39.986,18.829,27.432,5.673,2.993
2011-03-10,5.157,4.491,39.149,18.385,27.208,5.624,2.986
2011-03-11,5.064,4.39,38.031,18.385,26.806,5.554,2.929
2011-03-15,5.006,4.325,35.704,18.015,25.957,5.483,2.88
2011-03-16,5.021,4.39,35.587,17.867,25.957,5.547,2.88
2011-03-17,4.978,4.325,34.587,17.461,25.779,5.533,2.844
2011-03-18,4.992,4.282,34.261,17.387,25.377,5.547,2.873
2011-03-21,5.042,4.354,34.959,17.535,25.868,5.554,2.894
2011-03-22,5.071,4.397,35.657,17.904,26.092,5.638,2.915
2011-03-23,5.1,4.419,35.797,17.572,25.555,5.659,2.915
2011-03-24,5.157,4.498,35.774,17.683,25.064,5.687,2.936
2011-03-25,5.258,4.584,35.774,18.052,24.93,5.807,3.014
2011-03-28,5.136,4.563,35.425,18.385,24.975,5.8,3.014
2011-03-29,5.128,4.534,34.936,18.459,25.019,5.786,3
2011-03-30,5.207,4.592,35.913,18.533,25.6,5.849,3.028
2011-03-31,5.236,4.649,36.705,18.755,26.092,6.018,3.056
2011-04-01,5.329,4.721,38.45,18.533,26.36,5.975,3.084
2011-04-04,5.401,4.808,39.358,18.792,26.672,6.018,3.12
2011-04-06,5.401,4.786,40.149,18.866,27.074,5.975,3.155
2011-04-07,5.358,4.75,40.01,18.792,27.164,5.982,3.134
2011-04-08,5.387,4.772,39.893,18.755,27.074,6.018,3.141
2011-04-11,5.344,4.786,39.521,18.718,26.94,5.968,3.148
2011-04-12,5.294,4.685,39.195,18.274,26.583,5.947,3.077
2011-04-13,5.358,4.743,39.521,18.2,26.717,5.926,3.113
2011-04-14,5.286,4.685,39.87,18.348,26.404,5.947,3.077
2011-04-15,5.315,4.707,40.242,18.385,26.36,5.884,3.092
2011-04-18,5.272,4.721,40.01,18.311,26.136,5.87,3.077
2011-04-19,5.193,4.628,39.544,18.052,25.913,5.8,3.028
2011-04-20,5.315,4.743,39.94,18.163,26.226,5.87,3.084
2011-04-21,5.373,4.822,40.266,18.015,26.494,5.933,3.113
2011-04-26,5.365,4.808,39.824,17.904,25.913,5.87,3.092
2011-04-27,5.337,4.786,39.405,17.941,25.466,5.849,3.084
2011-04-28,5.286,4.736,39.591,18.163,25.355,5.828,3.063
2011-04-29,5.272,4.728,39.311,18.052,25.082,5.786,3.028
2011-05-03,5.236,4.714,39.265,17.941,25.036,5.729,3.028
2011-05-04,5.15,4.62,38.101,17.867,24.673,5.603,2.979
2011-05-05,5.143,4.62,38.357,17.867,24.4,5.589,2.993
2011-05-06,5.164,4.656,38.404,17.719,24.4,5.589,3.007
2011-05-09,5.171,4.642,38.637,17.904,24.4,5.624,3.007
2011-05-11,5.179,4.62,38.474,17.867,24.355,5.617,3.007
2011-05-12,5.136,4.577,38.101,17.867,24.082,5.554,2.979
2011-05-13,5.179,4.606,38.512,18.163,24.355,5.645,2.993
2011-05-16,5.114,4.534,38.208,18.052,23.855,5.526,2.972
2011-05-17,5.114,4.534,38.278,18.163,24.128,5.526,2.964
2011-05-18,5.164,4.592,38.302,18.332,24.4,5.575,2.986
2011-05-19,5.179,4.606,38.372,18.483,24.4,5.617,3
2011-05-20,5.193,4.606,38.466,18.18,24.4,5.624,3.014
2011-05-23,5.085,4.484,37.74,17.688,23.673,5.469,2.95
2011-05-24,5.1,4.484,37.763,17.65,23.901,5.54,2.957
2011-05-25,5.114,4.455,37.529,17.877,23.991,5.49,2.957
2011-05-26,5.136,4.484,37.67,17.801,23.855,5.504,2.964
2011-05-27,5.179,4.563,38.138,17.763,24.219,5.575,2.986
2011-05-30,5.193,4.592,38.161,17.877,24.446,5.554,3
2011-05-31,5.272,4.692,39.121,18.18,24.9,5.694,3.042
2011-06-01,5.229,4.678,38.817,18.294,24.9,5.638,3.042
2011-06-02,5.171,4.613,38.372,17.991,24.4,5.575,3.009
2011-06-03,5.071,4.527,37.857,17.839,23.946,5.469,2.972
2011-06-07,5.085,4.513,37.951,17.688,24.082,5.448,2.98
2011-06-08,5.028,4.401,36.944,17.385,23.901,5.385,2.928
2011-06-09,4.934,4.341,36.92,17.385,24.446,5.244,2.891
2011-06-10,4.913,4.334,36.382,17.271,24.355,5.209,2.877
2011-06-13,4.992,4.393,36.429,17.46,24.219,5.251,2.906
2011-06-14,5.013,4.423,36.522,17.612,24.082,5.216,2.899
2011-06-15,4.985,4.386,36.124,17.536,23.946,5.195,2.862
2011-06-16,4.929,4.319,35.305,17.385,23.31,5.118,2.818
2011-06-17,4.951,4.334,34.813,17.233,22.356,5.083,2.811
2011-06-20,4.914,4.304,34.86,17.006,22.401,5.062,2.796
2011-06-21,4.802,4.356,35.609,16.968,22.901,5.09,2.774
2011-06-22,4.772,4.326,35.773,17.12,22.765,5.104,2.766
2011-06-23,4.675,4.267,35.446,16.968,22.537,5.083,2.752
2011-06-24,4.839,4.393,36.967,17.12,23.355,5.195,2.833
2011-06-27,4.802,4.379,36.944,16.779,23.764,5.237,2.818
2011-06-28,4.757,4.371,36.944,16.817,23.991,5.23,2.811
2011-06-29,4.72,4.341,36.803,16.892,23.673,5.146,2.766
2011-06-30,4.809,4.408,37.623,17.12,24.173,5.237,2.788
2011-07-04,4.891,4.446,38.442,17.423,25.264,5.301,2.847
2011-07-05,4.832,4.423,38.302,17.46,25.218,5.265,2.84
2011-07-06,4.675,4.311,38.021,17.157,24.809,5.181,2.737
2011-07-07,4.675,4.319,38.372,17.385,24.764,5.244,2.737
2011-07-08,4.698,4.379,38.536,17.536,24.991,5.384,2.744
2011-07-11,4.593,4.282,37.787,17.309,24.537,5.268,2.671
2011-07-12,4.437,4.11,36.476,17.044,23.492,5.081,2.582
2011-07-13,4.534,4.2,36.944,17.157,23.855,5.206,2.641
2011-07-14,4.496,4.207,36.967,17.195,23.81,5.237,2.612
2011-07-15,4.444,4.177,37.084,17.12,23.764,5.19,2.59
2011-07-18,4.489,4.214,36.897,17.082,23.582,5.175,2.59
2011-07-19,4.526,4.229,36.803,17.271,23.81,5.136,2.597
2011-07-20,4.526,4.259,36.71,17.347,23.901,5.206,2.605
2011-07-21,4.526,4.259,36.522,17.423,23.719,5.206,2.582
2011-07-22,4.645,4.379,36.569,17.688,24.4,5.33,2.641
2011-07-25,4.608,4.356,36.007,17.536,24.082,5.237,2.597
2011-07-26,4.742,4.483,36.312,17.726,24.128,5.322,2.678
2011-07-27,4.742,4.468,35.82,17.801,23.901,5.337,2.693
2011-07-28,4.698,4.446,35.937,17.839,23.764,5.322,2.678
2011-07-29,4.683,4.423,35.516,17.65,23.628,5.275,2.641
2011-08-01,4.698,4.468,35.914,17.991,24.082,5.314,2.671
2011-08-02,4.586,4.304,35.258,17.726,23.719,5.221,2.619
2011-08-03,4.496,4.207,34.298,17.12,23.219,5.105,2.56
2011-08-04,4.496,4.207,33.807,16.93,22.992,5.043,2.538
2011-08-05,4.34,4.073,32.683,16.514,21.947,4.849,2.45
2011-08-08,4.198,3.976,31.793,15.756,20.992,4.701,2.362
2011-08-09,3.892,3.7,29.616,14.832,19.266,4.352,2.193
2011-08-10,3.922,3.737,29.733,14.499,19.857,4.321,2.215
2011-08-11,3.989,3.7,29.382,14.196,19.493,4.313,2.244
2011-08-12,3.937,3.648,29.077,13.908,20.175,4.313,2.222
2011-08-15,4.131,3.827,31.676,14.62,21.401,4.461,2.31
2011-08-16,4.123,3.856,31.395,14.802,20.992,4.484,2.318
2011-08-18,4.064,3.737,30.459,15.302,20.356,4.461,2.303
2011-08-19,3.93,3.618,29.476,14.786,19.629,4.22,2.222
2011-08-22,3.877,3.573,29.148,15.044,19.993,4.228,2.237
2011-08-23,3.945,3.692,30.365,15.302,20.856,4.36,2.266
2011-08-24,3.81,3.551,29.241,14.786,18.448,4.259,2.215
2011-08-25,3.945,3.618,29.335,15.642,17.739,4.352,2.229
2011-08-26,3.945,3.67,28.328,15.68,17.43,4.352,2.222
2011-08-29,4.138,3.789,28.235,15.794,16.83,4.337,2.281
2011-08-30,4.213,3.797,29.101,15.832,17.285,4.407,2.332
2011-08-31,4.31,3.819,29.281,16.173,17.775,4.5,2.369
2011-09-01,4.355,3.849,29.774,16.173,17.357,4.469,2.325
2011-09-02,4.28,3.819,29.304,16.097,16.939,4.337,2.273
2011-09-05,4.123,3.64,28.248,15.68,16.14,4.143,2.215
2011-09-06,4.168,3.67,28.201,15.68,16.34,4.189,2.215
2011-09-07,4.273,3.759,29.14,16.097,16.885,4.267,2.244
2011-09-08,4.273,3.722,28.811,16.003,16.921,4.244,2.222
2011-09-09,4.28,3.692,29.07,16.003,17.394,4.22,2.215
2011-09-12,4.079,3.498,27.355,15.379,16.394,4.011,2.134
2011-09-14,4.138,3.461,26.862,15.16,16.758,3.972,2.134
2011-09-15,4.153,3.491,27.074,15.238,17.23,3.98,2.126
2011-09-16,4.235,3.558,27.989,15.964,17.357,4.143,2.148
2011-09-19,4.116,3.409,26.299,15.488,16.721,3.98,2.075
2011-09-20,4.131,3.401,26.698,15.613,16.976,3.988,2.09
2011-09-21,4.041,3.349,26.557,15.504,17.248,3.933,2.06
2011-09-22,3.825,3.096,24.679,14.895,16.885,3.693,1.928
2011-09-23,3.743,2.954,23.129,14.52,16.34,3.638,1.869
2011-09-26,3.661,2.872,19.959,13.927,16.085,3.607,1.839
2011-09-27,3.877,3.133,21.978,14.442,16.776,3.863,1.95
2011-09-28,3.788,3.014,22.072,13.724,16.885,3.825,1.891
2011-09-30,3.572,2.849,20.757,13.037,17.085,3.638,1.803
2011-10-03,3.423,2.685,17.986,12.225,16.121,3.382,1.685
2011-10-04,3.311,2.611,18.151,11.335,15.667,3.235,1.626
2011-10-06,3.512,2.879,19.724,12.225,16.449,3.398,1.7
2011-10-07,3.609,2.984,21.321,13.084,16.867,3.491,1.773
2011-10-10,3.602,3.014,21.156,13.146,16.903,3.429,1.81
2011-10-11,3.81,3.215,21.837,13.771,17.812,3.638,1.95
2011-10-12,3.907,3.252,23.575,14.083,17.921,3.701,1.979
2011-10-13,3.93,3.312,25.36,14.52,18.857,3.801,2.031
2011-10-14,3.833,3.17,25.031,14.395,18.493,3.685,1.972
2011-10-17,3.907,3.207,26.557,14.77,18.675,3.809,2.016
2011-10-18,3.736,3.014,24.937,14.02,17.376,3.538,1.92
2011-10-19,3.818,3.073,24.162,14.223,17.139,3.6,1.964
2011-10-20,3.78,3.036,23.387,13.802,15.994,3.538,1.935
2011-10-21,3.818,3.096,22.683,13.864,15.831,3.607,1.95
2011-10-24,3.974,3.275,24.373,14.333,16.43,3.84,2.067
2011-10-25,4.034,3.357,25.125,14.301,16.703,3.84,2.075
2011-10-26,4.049,3.409,25.336,14.364,17.048,3.933,2.097
2011-10-27,4.235,3.67,27.285,14.77,17.866,4.166,2.104
2011-10-28,4.362,3.744,27.731,14.957,18.157,4.251,2.097
2011-10-31,4.332,3.685,27.567,14.661,18.857,4.22,2.075
2011-11-01,4.22,3.543,26.416,14.286,18.121,3.995,2.023
2011-11-02,4.347,3.685,27.802,14.489,18.493,4.166,2.016
2011-11-03,4.273,3.595,27.59,14.286,19.22,4.019,1.987
2011-11-04,4.34,3.715,29.328,14.364,20.629,4.282,2.031
2011-11-07,4.213,3.707,29.257,14.223,20.947,4.298,1.994
2011-11-08,4.191,3.737,29.187,14.192,20.629,4.43,2.016
2011-11-09,4.258,3.871,29.891,14.301,21.038,4.608,2.097
2011-11-10,4.027,3.536,27.708,13.599,19.766,4.267,1.972
2011-11-11,4.079,3.61,28.107,13.833,19.357,4.383,1.987
2011-11-14,4.123,3.625,29.492,13.802,20.402,4.445,2.031
2011-11-15,4.168,3.588,28.905,13.724,20.356,4.407,2.038
2011-11-16,4.123,3.469,27.215,13.458,19.311,4.244,1.994
2011-11-17,4.131,3.416,26.956,13.255,18.902,4.205,1.942
2011-11-18,4.027,3.312,25.594,13.006,18.357,4.042,1.884
2011-11-21,3.989,3.207,24.679,12.881,18.03,3.926,1.839
2011-11-22,3.945,3.215,25.125,13.099,18.357,3.91,1.803
2011-11-23,3.877,3.125,24.139,12.912,17.721,3.763,1.751
2011-11-24,3.885,3.155,24.937,12.959,18.048,3.794,1.758
2011-11-25,3.862,3.11,24.42,12.99,17.557,3.716,1.736
2011-11-28,3.93,3.215,25.289,13.193,17.957,3.801,1.781
2011-11-29,3.952,3.289,25.36,13.396,18.139,3.879,1.803
2011-11-30,3.922,3.215,24.021,13.333,17.503,3.77,1.773
2011-12-01,4.146,3.558,27.144,14.223,19.084,4.143,1.957
2011-12-02,4.213,3.588,28.342,14.052,19.084,4.158,2.045
2011-12-05,4.243,3.603,28.201,14.208,19.13,4.205,2.067
2011-12-06,4.213,3.558,27.402,14.083,18.948,4.158,2.031
2011-12-07,4.258,3.662,27.802,14.286,19.766,4.267,2.104
2011-12-08,4.243,3.655,27.238,14.208,19.311,4.275,2.119
2011-12-09,4.131,3.506,26.252,13.958,18.402,4.112,2.06
2011-12-12,4.123,3.513,26.087,14.052,18.084,4.112,2.082
2011-12-13,4.101,3.483,25.712,13.927,17.921,4.011,2.06
2011-12-14,4.086,3.469,25.453,13.958,17.775,4.034,2.067
2011-12-15,4.027,3.409,25.007,13.896,17.303,3.964,2.031
2011-12-16,4.064,3.469,25.594,14.348,17.43,4.197,2.104
2011-12-19,4.056,3.431,25.101,14.317,16.994,4.127,2.067
2011-12-20,4.056,3.469,24.843,14.286,16.812,4.135,2.082
2011-12-21,4.116,3.558,24.185,14.411,17.176,4.22,2.112
2011-12-22,4.101,3.573,23.739,14.38,16.921,4.236,2.112
2011-12-23,4.116,3.625,24.397,14.504,17.521,4.29,2.148
2011-12-28,4.079,3.506,24.021,14.426,17.376,4.228,2.104
2011-12-29,4.041,3.454,23.927,14.27,17.376,4.228,2.104
2011-12-30,4.041,3.439,24.045,14.364,17.448,4.213,2.104
2012-01-03,4.116,3.543,24.538,14.614,18.139,4.321,2.156
2012-01-04,4.094,3.506,23.974,14.458,17.739,4.197,2.134
2012-01-05,4.109,3.536,23.951,14.442,17.557,4.228,2.148
2012-01-06,4.049,3.513,22.871,14.333,17.085,4.143,2.104
2012-01-09,4.131,3.61,23.645,14.489,17.267,4.306,2.17
2012-01-10,4.198,3.677,24.397,14.692,17.685,4.407,2.2
2012-01-11,4.22,3.752,24.397,14.942,17.939,4.507,2.237
2012-01-12,4.258,3.767,24.444,15.207,17.975,4.476,2.266
2012-01-13,4.28,3.841,24.726,15.457,18.221,4.523,2.332
2012-01-16,4.273,3.841,24.115,15.379,17.612,4.484,2.325
2012-01-17,4.422,3.991,25.994,15.808,18.857,4.632,2.421
2012-01-18,4.422,3.976,26.158,15.691,19.175,4.632,2.413
2012-01-19,4.534,4.05,27.989,15.808,19.72,4.655,2.428
2012-01-20,4.534,4.006,27.778,16.12,20.129,4.67,2.406
2012-01-26,4.623,4.132,28.717,16.237,20.992,4.833,2.465
2012-01-27,4.645,4.17,28.929,16.198,20.811,4.919,2.479
2012-01-30,4.541,4.043,28.154,15.886,20.129,4.732,2.413
2012-01-31,4.631,4.05,28.835,16.003,20.765,4.825,2.45
2012-02-01,4.623,3.998,28.623,15.847,20.538,4.802,2.435
2012-02-02,4.727,4.14,30.15,16.12,21.174,4.973,2.494
2012-02-03,4.765,4.125,30.596,16.081,21.083,4.981,2.494
2012-02-06,4.757,4.073,29.938,16.159,21.129,5.004,2.494
2012-02-07,4.713,4.065,29.445,16.316,20.674,4.996,2.465
2012-02-08,4.765,4.11,30.056,16.784,21.038,5.019,2.479
2012-02-09,4.735,4.073,30.572,16.94,20.765,4.895,2.472
2012-02-10,4.638,3.976,29.962,16.862,20.175,4.647,2.406
2012-02-13,4.698,3.983,30.619,16.784,20.265,4.709,2.413
2012-02-14,4.705,4.006,30.713,16.667,20.265,4.709,2.413
2012-02-15,4.817,4.132,31.206,16.94,20.992,4.81,2.472
2012-02-16,4.765,4.147,30.525,16.979,20.72,4.856,2.435
2012-02-17,4.824,4.14,31.018,17.057,21.447,4.981,2.465
2012-02-20,4.877,4.147,31.347,17.213,21.674,4.95,2.465
2012-02-21,4.906,4.185,31.535,17.135,21.583,4.888,2.487
2012-02-22,4.914,4.2,32.099,17.135,22.083,4.934,2.494
2012-02-23,4.854,4.17,31.676,17.018,22.128,4.856,2.465
2012-02-24,4.839,4.132,31.559,16.979,21.992,4.802,2.457
2012-02-27,4.757,4.117,30.995,16.628,21.356,4.701,2.421
2012-02-28,4.847,4.229,31.394,16.901,21.765,4.911,2.472
2012-02-29,4.862,4.244,31.864,16.979,21.992,4.973,2.487
2012-03-01,4.832,4.162,30.878,17.018,21.538,4.833,2.443
2012-03-02,4.891,4.192,31.089,17.135,21.856,4.934,2.472
2012-03-06,4.645,3.924,29.023,16.55,20.129,4.717,2.376
2012-03-07,4.578,3.879,27.849,16.433,18.902,4.655,2.347
2012-03-08,4.668,3.916,29.281,16.472,19.175,4.74,2.391
2012-03-09,4.69,3.953,29.445,16.55,19.039,4.787,2.406
2012-03-12,4.69,3.961,29.727,16.589,18.811,4.756,2.413
2012-03-13,4.735,4.02,30.009,16.667,19.22,4.825,2.45
2012-03-14,4.705,3.976,29.492,16.706,19.266,4.802,2.465
2012-03-16,4.675,3.938,29.21,16.745,19.084,4.903,2.435
2012-03-19,4.593,3.879,28.553,17.018,18.811,4.701,2.391
2012-03-20,4.571,3.841,28.365,16.979,18.312,4.655,2.376
2012-03-21,4.534,3.827,28.224,16.823,18.175,4.67,2.362
2012-03-22,4.548,3.819,28.036,16.862,18.357,4.6,2.354
2012-03-23,4.466,3.744,27.989,16.628,18.312,4.515,2.325
2012-03-26,4.414,3.707,28.06,16.706,18.357,4.484,2.281
2012-03-27,4.526,3.774,28.436,17.057,18.857,4.538,2.332
2012-03-28,4.534,3.737,28.248,17.018,18.493,4.5,2.31
2012-03-29,4.452,3.677,27.426,16.862,18.266,4.531,2.266
2012-03-30,4.474,3.737,27.567,16.745,18.312,4.554,2.303
2012-04-02,4.481,3.737,27.661,16.823,18.539,4.562,2.31
2012-04-03,4.563,3.812,28.06,16.94,18.63,4.6,2.354
2012-04-05,4.474,3.752,28.271,16.862,18.63,4.453,2.318
2012-04-10,4.444,3.737,27.778,16.784,18.175,4.43,2.303
2012-04-11,4.422,3.7,27.567,16.94,17.994,4.407,2.296
2012-04-12,4.519,3.767,27.942,17.526,18.312,4.484,2.34
2012-04-13,4.631,3.886,29.14,17.643,18.63,4.6,2.406
2012-04-16,4.556,3.856,29.046,17.838,18.584,4.569,2.376
2012-04-17,4.466,3.856,28.882,18.033,18.539,4.569,2.384
2012-04-18,4.459,3.879,29.257,17.994,18.539,4.6,2.391
2012-04-19,4.534,3.924,30.126,17.955,19.266,4.639,2.413
2012-04-20,4.534,3.938,30.056,17.877,19.357,4.616,2.413
2012-04-23,4.414,3.841,29.07,17.838,18.811,4.476,2.369
2012-04-24,4.437,3.827,29.257,18.033,18.857,4.5,2.369
2012-04-25,4.414,3.827,29.21,18.15,18.63,4.484,2.362
2012-04-26,4.429,3.841,29.938,18.345,18.902,4.546,2.384
2012-04-27,4.407,3.812,29.962,18.696,18.857,4.492,2.347
2012-04-30,4.504,3.864,30.478,18.775,19.084,4.655,2.391
2012-05-02,4.593,3.901,31.136,18.853,19.493,4.686,2.399
2012-05-03,4.452,3.849,31.535,18.892,19.675,4.6,2.325
2012-05-04,4.429,3.819,30.972,18.892,19.538,4.585,2.31
2012-05-07,4.347,3.759,29.821,18.579,18.675,4.407,2.259
2012-05-08,4.317,3.744,29.915,18.931,18.539,4.399,2.244
2012-05-09,4.25,3.707,29.117,18.736,18.312,4.329,2.222
2012-05-10,4.228,3.7,28.976,18.501,18.312,4.29,2.229
2012-05-11,4.168,3.648,28.271,18.15,17.975,4.251,2.207
2012-05-14,4.079,3.573,27.708,17.838,17.612,4.182,2.185
2012-05-15,4.071,3.588,28.576,18.111,17.648,4.228,2.193
2012-05-16,3.959,3.521,27.849,17.526,16.885,4.065,2.126
2012-05-17,3.922,3.491,27.567,17.252,16.703,4.065,2.119
2012-05-18,3.862,3.461,27.191,17.135,16.594,3.98,2.09
2012-05-21,3.877,3.461,26.862,17.096,16.594,4.019,2.097
2012-05-22,3.915,3.513,27.05,17.369,16.721,4.077,2.119
2012-05-23,3.833,3.461,27.027,17.096,16.449,4.045,2.082
2012-05-24,3.81,3.454,27.027,17.213,16.58,4.005,2.09
2012-05-25,3.84,3.446,26.51,16.901,16.672,3.973,2.104
2012-05-28,3.885,3.483,26.628,17.252,16.801,4.013,2.156
2012-05-29,3.959,3.528,27.473,17.721,17.263,4.084,2.178
2012-05-30,3.915,3.469,27.097,17.604,16.857,4.029,2.163
2012-05-31,4.012,3.521,26.839,17.09,16.82,4.005,2.2
2012-06-01,4.041,3.506,26.534,17.25,16.561,4.005,2.193
2012-06-04,3.967,3.469,25.078,16.89,15.749,3.949,2.163
2012-06-05,4.004,3.498,25.336,16.97,15.767,3.973,2.193
2012-06-06,4.071,3.52,26.228,17.21,16.118,4.053,2.223
2012-06-07,4.101,3.528,26.275,17.37,16.044,4.069,2.239
2012-06-08,3.937,3.355,26.792,17.33,16.266,3.878,2.168
2012-06-11,3.967,3.378,27.778,17.57,17.263,3.918,2.199
2012-06-12,3.959,3.355,27.825,17.61,17.208,3.918,2.199
2012-06-13,4.019,3.394,28.553,17.89,17.835,3.941,2.199
2012-06-14,4.05,3.386,28.177,17.77,17.429,3.973,2.199
2012-06-15,4.16,3.496,28.647,18.651,17.798,4.116,2.254
2012-06-18,4.192,3.48,29.093,18.771,18.168,4.132,2.278
2012-06-19,4.176,3.488,29.093,18.931,18.149,4.124,2.286
2012-06-20,4.184,3.488,29.328,18.811,18.186,4.14,2.294
2012-06-21,4.168,3.433,28.412,18.691,17.909,4.061,2.286
2012-06-22,4.113,3.394,27.966,18.691,17.503,4.013,2.278
2012-06-25,4.05,3.331,27.567,18.851,17.3,3.949,2.254
2012-06-26,4.058,3.315,28.154,18.971,17.632,3.973,2.247
2012-06-27,4.121,3.347,28.623,19.011,18.001,4.037,2.27
2012-06-28,4.058,3.292,28.036,18.611,17.835,3.973,2.254
2012-06-29,4.168,3.378,28.976,18.891,18.426,4.124,2.309
2012-07-03,4.192,3.402,29.281,18.811,19.248,4.148,2.325
2012-07-04,4.176,3.37,29.047,18.771,19.063,4.124,2.309
2012-07-05,4.168,3.378,29.425,18.891,19.571,4.164,2.286
2012-07-06,4.058,3.355,29.873,18.851,19.986,4.061,2.262
2012-07-09,4.01,3.292,29.142,18.531,19.294,4.013,2.239
2012-07-10,4.003,3.284,28.859,18.691,19.202,3.989,2.254
2012-07-11,3.884,3.221,29.142,18.571,19.478,3.949,2.223
2012-07-12,3.742,3.142,28.434,18.29,18.878,3.798,2.176
2012-07-13,3.766,3.166,28.481,18.33,19.109,3.822,2.192
2012-07-16,3.758,3.15,28.316,18.21,19.294,3.79,2.184
2012-07-17,3.806,3.229,29.307,18.771,19.986,3.862,2.207
2012-07-18,3.782,3.189,29.213,18.651,19.802,3.854,2.199
2012-07-19,3.884,3.268,29.968,18.971,20.263,3.981,2.254
2012-07-20,3.9,3.323,29.944,19.051,20.355,4.005,2.254
2012-07-23,3.813,3.252,28.623,18.771,19.386,3.886,2.207
2012-07-24,3.79,3.244,28.292,18.811,19.202,3.846,2.215
2012-07-25,3.845,3.268,27.962,18.611,19.248,3.878,2.223
2012-07-26,3.813,3.252,27.75,18.531,19.248,3.838,2.239
2012-07-27,3.892,3.339,28.339,18.851,19.525,3.965,2.286
2012-07-30,3.995,3.402,28.67,18.971,19.525,4.053,2.294
2012-07-31,4.129,3.504,28.717,19.091,19.802,4.092,2.333
2012-08-01,4.16,3.559,29.189,19.091,19.94,4.132,2.333
2012-08-02,4.136,3.528,28.811,19.171,19.617,4.077,2.317
2012-08-03,4.152,3.543,29,19.011,19.663,4.116,2.317
2012-08-06,4.192,3.591,29.095,19.171,19.894,4.148,2.349
2012-08-07,4.199,3.606,28.953,19.211,19.663,4.156,2.341
2012-08-08,4.192,3.591,29,19.371,19.709,4.172,2.333
2012-08-09,4.215,3.606,29.33,19.451,20.079,4.235,2.357
2012-08-10,4.199,3.551,29.26,19.491,20.171,4.188,2.349
2012-08-13,4.207,3.536,28.552,19.451,20.032,4.164,2.349
2012-08-14,4.27,3.583,28.717,19.851,20.217,4.291,2.372
2012-08-15,4.239,3.543,28.269,19.291,19.525,4.243,2.357
2012-08-16,4.215,3.496,28.198,19.411,19.571,4.22,2.333
2012-08-17,4.247,3.536,28.552,19.571,19.802,4.204,2.349
2012-08-20,4.215,3.504,28.434,19.731,19.848,4.132,2.341
2012-08-21,4.223,3.52,28.481,19.771,19.94,4.148,2.349
2012-08-22,4.184,3.473,28.245,19.571,19.709,4.092,2.317
2012-08-23,4.223,3.528,28.339,19.931,19.94,4.156,2.349
2012-08-24,4.144,3.457,27.891,19.691,19.663,4.108,2.317
2012-08-27,4.113,3.394,27.16,19.531,18.971,4.092,2.302
2012-08-28,4.129,3.41,26.994,19.731,18.74,4.164,2.286
2012-08-29,4.144,3.362,26.758,19.811,19.109,4.108,2.27
2012-08-30,4.042,3.299,26.57,19.651,19.294,3.965,2.239
2012-08-31,4.018,3.307,26.428,19.651,19.155,4.029,2.215
2012-09-03,4.018,3.307,26.216,19.731,19.34,3.997,2.223
2012-09-04,3.979,3.276,26.192,19.651,19.478,3.965,2.199
2012-09-05,3.908,3.205,26.027,19.571,19.294,3.886,2.168
2012-09-06,3.932,3.229,26.003,19.158,19.525,3.862,2.168
2012-09-07,4.081,3.425,26.924,19.403,20.125,4.116,2.254
2012-09-10,3.995,3.355,26.876,19.608,20.171,4.021,2.231
2012-09-11,3.939,3.323,26.924,19.526,20.263,4.061,2.231
2012-09-12,3.995,3.355,27.16,19.731,20.402,4.077,2.239
2012-09-13,3.987,3.37,27.23,19.649,20.309,4.021,2.231
2012-09-14,4.073,3.488,28.245,19.649,21.186,4.14,2.317
2012-09-17,4.073,3.48,27.844,19.772,21.094,4.14,2.302
2012-09-18,4.073,3.496,27.561,19.772,20.817,4.116,2.294
2012-09-19,4.176,3.583,27.702,19.935,21.048,4.204,2.333
2012-09-20,4.129,3.551,27.278,19.772,20.725,4.108,2.317
2012-09-21,4.176,3.606,27.507,19.894,20.909,4.196,2.325
2012-09-24,4.168,3.583,27.507,19.854,20.817,4.172,2.302
2012-09-25,4.144,3.536,27.696,19.854,20.909,4.148,2.294
2012-09-26,4.152,3.496,27.507,19.772,20.448,4.108,2.27
2012-09-27,4.215,3.559,28.004,20.099,20.679,4.172,2.302
2012-09-28,4.239,3.606,27.744,20.181,20.679,4.18,2.317
2012-10-03,4.278,3.614,27.791,20.222,20.494,4.164,2.317
2012-10-04,4.286,3.614,28.004,20.263,20.632,4.235,2.317
2012-10-05,4.31,3.646,28.478,20.386,21.094,4.259,2.317
2012-10-08,4.255,3.583,28.335,20.263,20.771,4.172,2.278
2012-10-09,4.294,3.638,28.714,20.181,20.909,4.315,2.294
2012-10-10,4.326,3.693,28.833,20.058,20.817,4.315,2.325
2012-10-11,4.459,3.851,28.667,19.854,21.14,4.466,2.388
2012-10-12,4.538,3.906,28.88,19.731,21.463,4.529,2.412
2012-10-15,4.562,3.89,28.809,19.731,21.463,4.569,2.419
2012-10-16,4.475,3.843,29.046,19.731,21.602,4.545,2.412
2012-10-17,4.554,3.914,29.188,19.772,21.232,4.569,2.419
2012-10-18,4.57,3.977,29.401,19.608,21.002,4.609,2.435
2012-10-19,4.57,4.016,29.637,19.608,21.048,4.625,2.443
2012-10-22,4.625,4.071,29.993,19.649,21.14,4.665,2.474
2012-10-24,4.601,4.032,30.229,19.935,21.186,4.688,2.451
2012-10-25,4.57,4.055,29.851,20.017,21.232,4.665,2.474
2012-10-26,4.523,4.008,28.904,19.567,20.817,4.561,2.467
2012-10-29,4.562,4.032,28.975,19.199,20.771,4.545,2.49
2012-10-30,4.499,3.961,28.643,19.28,20.909,4.49,2.451
2012-10-31,4.601,4.04,29.069,19.526,21.14,4.402,2.506
2012-11-01,4.641,4.095,29.33,19.608,21.602,4.474,2.522
2012-11-02,4.68,4.134,29.59,19.813,22.017,4.49,2.553
2012-11-05,4.649,4.079,29.779,19.649,22.109,4.474,2.529
2012-11-06,4.664,4.055,29.424,19.69,21.879,4.458,2.537
2012-11-07,4.719,4.103,29.637,19.649,21.925,4.529,2.553
2012-11-08,4.57,4,29.046,19.444,21.325,4.386,2.49
2012-11-09,4.523,3.984,28.975,19.362,21.325,4.339,2.474
2012-11-12,4.538,3.977,28.88,19.403,21.186,4.347,2.474
2012-11-13,4.459,3.906,28.359,19.28,20.817,4.251,2.427
2012-11-14,4.601,4.024,28.596,19.403,20.956,4.355,2.498
2012-11-15,4.475,3.945,28.17,19.28,20.54,4.235,2.443
2012-11-16,4.483,3.953,28.217,19.158,20.448,4.243,2.467
2012-11-19,4.491,3.984,27.673,19.24,20.586,4.299,2.474
2012-11-20,4.452,3.984,27.341,19.28,20.355,4.275,2.459
2012-11-21,4.601,4.055,27.554,19.362,20.632,4.402,2.498
2012-11-22,4.633,4.095,27.838,19.567,20.771,4.434,2.498
2012-11-23,4.68,4.126,28.122,19.731,21.094,4.482,2.537
2012-11-26,4.664,4.11,27.815,19.813,21.094,4.426,2.537
2012-11-27,4.649,4.11,27.696,19.649,20.956,4.426,2.529
2012-11-28,4.57,4.055,27.223,19.403,20.679,4.347,2.514
2012-11-29,4.656,4.087,27.412,19.69,20.909,4.426,2.545
2012-11-30,4.68,4.118,27.767,19.485,21.094,4.514,2.569
2012-12-03,4.617,4.055,27.389,19.444,20.771,4.41,2.522
2012-12-04,4.625,4.071,27.294,19.485,20.771,4.418,2.545
2012-12-05,4.783,4.173,28.643,19.731,21.648,4.569,2.592
2012-12-06,4.798,4.166,28.572,19.854,21.602,4.577,2.592
2012-12-07,4.783,4.181,28.407,19.649,21.648,4.561,2.592
2012-12-10,4.822,4.236,28.525,19.526,21.556,4.569,2.624
2012-12-11,4.83,4.244,28.383,19.403,21.371,4.545,2.632
2012-12-12,4.924,4.315,28.667,19.526,21.74,4.601,2.687
2012-12-13,4.909,4.307,28.809,19.649,21.694,4.569,2.687
2012-12-14,4.948,4.315,29.803,19.935,22.202,4.649,2.718
2012-12-18,4.932,4.37,30.087,19.854,22.479,4.625,2.741
2012-12-19,4.979,4.402,29.851,19.976,22.525,4.665,2.734
2012-12-20,4.932,4.41,29.756,19.813,22.294,4.617,2.718
2012-12-21,4.838,4.315,29.945,19.649,22.34,4.514,2.679
2012-12-24,4.893,4.347,29.874,19.608,22.202,4.529,2.687
2012-12-27,4.909,4.362,30.158,19.608,22.571,4.577,2.702
2012-12-28,4.916,4.355,30.158,19.731,22.663,4.601,2.718
2012-12-31,4.901,4.331,30.726,19.731,23.356,4.641,2.718
2013-01-02,5.066,4.488,32.312,20.099,24.925,4.831,2.812
2013-01-03,5.121,4.575,33.141,20.304,25.017,4.847,2.851
2013-01-04,5.121,4.559,32.975,20.345,24.925,4.847,2.844
2013-01-07,5.113,4.528,33.614,20.345,25.11,4.847,2.844
2013-01-08,5.027,4.441,32.265,20.304,24.279,4.76,2.789
2013-01-09,5.066,4.481,32.549,20.304,24.417,4.831,2.82
2013-01-10,5.129,4.528,32.099,20.427,24.325,4.855,2.867
2013-01-11,5.09,4.536,31.697,20.427,24.002,4.847,2.867
2013-01-14,5.137,4.575,32.62,21.082,24.694,4.967,2.906
2013-01-15,5.153,4.614,32.833,21.204,24.879,5.014,2.914
2013-01-16,5.145,4.583,32.596,21.123,24.648,4.951,2.883
2013-01-17,5.145,4.599,32.431,20.877,24.048,4.927,2.891
2013-01-18,5.224,4.677,33.046,21.245,24.648,5.03,2.961
2013-01-21,5.216,4.646,33.023,21.286,24.694,5.054,2.946
2013-01-22,5.255,4.701,33.425,21.409,24.74,5.086,2.954
2013-01-23,5.263,4.677,33.165,21.818,24.694,5.07,2.969
2013-01-24,5.263,4.677,32.833,21.696,24.417,5.054,2.969
2013-01-25,5.255,4.654,32.502,21.655,23.679,5.078,2.954
2013-01-28,5.287,4.685,32.762,21.818,23.91,5.157,2.977
2013-01-29,5.239,4.583,32.596,21.9,23.771,5.165,2.977
2013-01-30,5.263,4.607,33.117,21.859,24.048,5.197,2.993
2013-01-31,5.271,4.599,32.928,21.9,24.002,5.229,3.001
2013-02-01,5.271,4.622,33.543,21.982,23.91,5.261,3.064
2013-02-04,5.255,4.638,32.62,22.064,23.448,5.237,3.095
2013-02-05,5.121,4.504,31.839,21.573,22.94,5.062,2.977
2013-02-06,5.129,4.496,31.957,21.778,22.848,5.086,2.977
2013-02-07,5.066,4.433,31.744,21.778,22.479,4.927,2.961
2013-02-08,5.058,4.433,31.91,21.982,22.617,4.895,2.938
2013-02-14,5.153,4.544,32.289,21.9,22.571,5.006,3.009
2013-02-15,5.161,4.528,32.218,22.064,22.94,4.99,3.001
2013-02-18,5.129,4.496,31.792,21.941,22.663,4.943,2.993
2013-02-19,5.035,4.41,31.105,21.655,21.925,4.879,2.922
2013-02-20,5.121,4.465,31.295,21.655,21.971,4.935,2.985
2013-02-21,4.995,4.37,30.75,21.286,21.463,4.816,2.914
2013-02-22,4.956,4.323,30.513,21.163,21.325,4.768,2.867
2013-02-25,4.979,4.347,30.513,21.204,21.509,4.808,2.867
2013-02-26,4.861,4.26,30.182,20.877,20.863,4.72,2.804
2013-02-27,4.869,4.252,30.229,20.754,21.002,4.712,2.789
2013-02-28,5.043,4.386,30.726,21.409,21.509,4.879,2.875
2013-03-01,4.995,4.347,30.419,21.532,21.371,4.8,2.804
2013-03-04,4.877,4.252,29.756,21.286,20.956,4.641,2.749
2013-03-05,4.893,4.229,29.708,21.245,20.956,4.688,2.781
2013-03-06,4.995,4.331,30.442,21.45,21.186,4.728,2.851
2013-03-07,4.964,4.299,30.561,21.327,21.002,4.72,2.851
2013-03-08,5.074,4.378,31.01,21.614,21.509,4.816,2.914
2013-03-11,5.074,4.37,30.561,22.023,21.509,4.8,2.891
2013-03-12,5.019,4.323,29.898,21.818,20.817,4.72,2.875
2013-03-13,4.885,4.229,29.401,21.737,20.402,4.617,2.796
2013-03-14,4.948,4.276,29.306,22.105,20.494,4.657,2.82
2013-03-15,4.94,4.26,29.022,21.655,20.263,4.712,2.789
2013-03-18,4.83,4.15,28.62,21.45,19.478,4.609,2.741
2013-03-19,4.767,4.095,28.193,21.532,19.386,4.569,2.726
2013-03-20,4.893,4.205,28.572,21.696,19.94,4.72,2.789
2013-03-21,4.893,4.205,28.762,21.573,19.802,4.688,2.773
2013-03-22,4.861,4.189,28.596,21.491,19.617,4.68,2.757
2013-03-25,4.972,4.244,28.525,21.737,19.432,4.776,2.796
2013-03-26,5.011,4.26,28.383,21.9,19.155,4.752,2.789
2013-03-27,5.043,4.292,28.667,21.245,19.109,4.808,2.844
2013-03-28,4.995,4.284,28.501,21.204,18.555,4.617,2.828
2013-04-02,4.987,4.229,28.312,21.245,18.555,4.593,2.804
2013-04-03,4.964,4.205,28.288,21.204,18.509,4.609,2.796
2013-04-05,4.783,4.095,27.412,20.795,17.872,4.522,2.726
2013-04-08,4.822,4.071,27.057,20.59,17.78,4.49,2.718
2013-04-09,4.838,4.118,27.862,20.877,18.555,4.522,2.757
2013-04-10,4.877,4.118,28.217,21.163,19.34,4.593,2.765
2013-04-11,4.885,4.142,28.288,20.959,19.017,4.649,2.765
2013-04-12,4.885,4.134,28.028,21.123,18.878,4.633,2.781
2013-04-15,4.814,4.071,27.649,21.082,18.601,4.577,2.734
2013-04-16,4.806,4.055,27.649,20.918,18.878,4.609,2.741
2013-04-17,4.759,4,27.365,20.713,18.601,4.553,2.71
2013-04-18,4.743,3.984,27.436,20.713,18.463,4.545,2.687
2013-04-19,4.916,4.142,28.454,21,19.109,4.673,2.765
2013-04-22,4.901,4.134,28.217,21,18.74,4.633,2.749
2013-04-23,4.838,4.103,27.744,20.959,18.555,4.585,2.702
2013-04-24,4.94,4.158,28.217,21.368,18.878,4.696,2.757
2013-04-25,4.987,4.229,28.217,21.286,19.017,4.792,2.773
2013-04-26,5.027,4.26,28.478,21.614,19.294,4.831,2.812
2013-04-29,5.082,4.268,28.359,21.778,19.34,4.847,2.82
2013-04-30,5.121,4.299,29.093,21.859,19.571,4.903,2.851
2013-05-02,5.098,4.268,28.998,21.9,19.525,4.839,2.844
2013-05-03,5.09,4.276,29.117,21.982,19.432,4.816,2.867
2013-05-06,5.137,4.331,29.59,22.064,19.663,4.863,2.899
2013-05-07,5.169,4.37,29.969,22.596,19.94,4.927,2.922
2013-05-08,5.184,4.41,30.371,22.719,20.586,4.967,2.961
2013-05-09,5.176,4.402,29.993,22.596,20.402,4.951,2.977
2013-05-10,5.232,4.441,30.111,22.883,20.494,4.974,3.001
2013-05-13,5.106,4.378,28.856,22.76,19.848,4.903,2.938
2013-05-14,5.074,4.323,28.727,22.637,19.755,4.911,2.93
2013-05-15,5.106,4.37,28.846,22.719,19.94,4.911,2.969
2013-05-16,5.082,4.378,28.537,22.514,19.709,4.895,2.954
2013-05-20,5.161,4.441,29.108,22.801,20.217,4.943,3.001
2013-05-21,5.09,4.347,28.989,22.514,19.986,4.903,2.961
2013-05-22,5.082,4.355,29.037,22.637,19.94,4.927,2.938
2013-05-23,4.964,4.236,28.108,22.269,19.432,4.792,2.875
2013-05-24,4.964,4.244,27.941,22.228,19.202,4.784,2.875
2013-05-27,4.979,4.26,28.132,22.719,19.202,4.792,2.899
2013-05-28,5.05,4.331,28.608,22.637,19.432,4.847,2.961
2013-05-29,4.979,4.268,27.989,22.351,19.109,4.792,2.93
2013-05-30,5.003,4.26,27.727,22.177,19.017,4.776,2.922
2013-05-31,4.964,4.307,27.536,21.757,18.509,4.728,2.891
2013-06-03,4.94,4.252,27.56,21.421,18.315,4.688,2.891
2013-06-04,4.932,4.236,27.608,21.421,18.408,4.688,2.899
2013-06-05,4.901,4.221,27.488,21.169,18.445,4.68,2.883
2013-06-06,4.846,4.173,27.226,21.043,18.26,4.641,2.867
2013-06-07,4.798,4.126,27.06,20.959,18.071,4.601,2.81
2013-06-10,4.83,4.126,26.964,21.001,18.052,4.561,2.81
2013-06-11,4.767,4.071,26.869,20.749,18.015,4.482,2.726
2013-06-13,4.616,4.008,26.297,20.371,17.68,4.402,2.668
2013-06-14,4.566,3.992,26.202,20.497,17.717,4.386,2.659
2013-06-17,4.674,4.045,26.417,20.791,17.885,4.434,2.709
2013-06-18,4.649,4.036,26.369,20.917,17.847,4.434,2.701
2013-06-19,4.532,3.978,26.202,20.623,17.624,4.355,2.651
2013-06-20,4.299,3.827,25.535,20.203,17.251,4.228,2.576
2013-06-21,4.332,3.869,25.249,20.119,17.251,4.148,2.567
2013-06-24,4.24,3.752,24.535,19.741,16.692,4.021,2.5
2013-06-25,4.24,3.685,23.939,19.405,16.506,4.029,2.534
2013-06-26,4.516,3.936,24.368,19.741,16.767,4.156,2.617
2013-06-27,4.499,3.986,24.154,19.825,16.73,4.1,2.617
2013-06-28,4.583,4.095,24.868,20.035,17.139,4.221,2.668
2013-07-02,4.407,3.978,24.511,20.077,16.841,4.128,2.601
2013-07-03,4.299,3.819,23.701,19.573,16.301,4.001,2.525
2013-07-04,4.374,3.911,23.63,19.783,16.376,4.044,2.551
2013-07-05,4.474,4.036,23.796,20.035,16.73,4.137,2.626
2013-07-08,4.382,3.969,23.368,19.657,16.469,4.061,2.567
2013-07-09,4.382,3.969,23.272,19.615,16.32,4.044,2.559
2013-07-10,4.466,4.02,23.915,19.951,16.543,4.137,2.609
2013-07-11,4.599,4.145,24.987,20.413,17.605,4.288,2.693
2013-07-12,4.541,4.103,24.368,20.413,17.251,4.221,2.651
2013-07-15,4.583,4.112,24.297,20.455,17.27,4.212,2.651
2013-07-16,4.566,4.095,24.225,20.497,17.27,4.221,2.634
2013-07-17,4.583,4.128,24.13,20.497,17.4,4.196,2.651
2013-07-18,4.608,4.12,23.939,20.287,17.177,4.204,2.651
2013-07-19,4.583,4.12,23.701,20.245,17.102,4.17,2.626
2013-07-22,4.541,4.07,23.749,20.203,17.028,4.162,2.634
2013-07-23,4.758,4.271,24.535,20.329,17.475,4.348,2.735
2013-07-24,4.775,4.304,24.273,20.623,17.4,4.331,2.743
2013-07-25,4.808,4.271,23.963,20.497,17.307,4.314,2.735
2013-07-26,4.825,4.279,23.987,20.539,17.4,4.331,2.743
2013-07-29,4.775,4.237,23.725,20.497,17.177,4.255,2.709
2013-07-30,4.8,4.262,23.844,20.539,17.177,4.263,2.726
2013-07-31,4.833,4.271,23.915,20.455,17.326,4.263,2.718
2013-08-01,4.833,4.279,23.915,21.001,17.475,4.28,2.726
2013-08-02,4.833,4.262,24.13,21.043,17.326,4.297,2.718
2013-08-05,4.808,4.246,23.868,21.085,17.344,4.331,2.718
2013-08-06,4.749,4.187,23.844,20.917,17.307,4.288,2.693
2013-08-07,4.649,4.128,23.463,20.749,17.009,4.229,2.634
2013-08-08,4.674,4.145,23.582,20.875,17.028,4.238,2.643
2013-08-09,4.708,4.162,23.606,20.959,17.251,4.272,2.651
2013-08-12,4.883,4.296,25.321,21.127,17.94,4.398,2.709
2013-08-13,4.992,4.422,25.916,21.085,18.425,4.559,2.793
2013-08-15,4.958,4.43,26.155,21.001,18.406,4.559,2.793
2013-08-16,4.966,4.447,26.155,20.959,18.611,4.601,2.81
2013-08-19,4.966,4.438,26.012,20.875,18.63,4.575,2.827
2013-08-20,4.825,4.313,25.297,20.623,17.903,4.44,2.76
2013-08-21,4.758,4.254,25.392,20.371,17.773,4.44,2.735
2013-08-22,4.875,4.321,25.368,20.497,17.922,4.449,2.785
2013-08-23,4.833,4.304,25.345,20.539,17.94,4.415,2.768
2013-08-26,4.866,4.346,25.892,20.539,18.35,4.457,2.793
2013-08-27,4.791,4.304,25.869,20.539,18.201,4.424,2.768
2013-08-28,4.691,4.229,25.345,20.413,17.847,4.322,2.701
2013-08-29,4.758,4.237,25.654,20.581,17.81,4.348,2.743
2013-08-30,4.741,4.262,25.892,20.539,17.736,4.322,2.726
2013-09-02,4.858,4.371,26.75,20.707,18.201,4.474,2.793
2013-09-03,4.95,4.396,27.131,20.959,18.676,4.559,2.843
2013-09-04,4.883,4.38,27.155,21.085,18.816,4.567,2.852
2013-09-05,4.95,4.43,27.393,21.295,19.096,4.651,2.885
2013-09-06,4.966,4.422,27.346,21.463,19.142,4.635,2.885
2013-09-09,5.017,4.514,28.036,21.211,19.375,4.846,2.927
2013-09-10,5.092,4.597,28.441,21.295,19.654,4.922,2.977
2013-09-11,5.058,4.597,28.467,21.505,19.654,4.905,2.952
2013-09-12,5.083,4.589,28.586,21.329,19.794,4.964,2.994
2013-09-13,5.042,4.572,28.443,21.329,19.748,4.913,2.952
2013-09-16,5.125,4.639,28.945,21.372,19.98,4.972,3.01
2013-09-17,5.117,4.639,28.73,21.372,19.608,4.955,3.01
2013-09-18,5.1,4.597,28.562,21.329,19.422,4.981,3.01
2013-09-19,5.184,4.681,29.137,21.629,19.748,5.048,3.052
2013-09-23,5.142,4.69,28.897,21.586,19.794,4.998,3.044
2013-09-24,5.108,4.664,28.491,21.543,19.608,4.964,3.01
2013-09-25,5.133,4.698,28.108,21.586,19.561,4.947,3.019
2013-09-26,5.067,4.673,27.941,21.586,19.375,4.93,3.019
2013-09-27,5.058,4.639,28.108,21.586,19.142,4.922,2.994
2013-09-30,4.983,4.53,27.582,21.372,18.723,4.812,2.96
2013-10-02,4.992,4.572,27.677,21.286,18.676,4.812,2.96
2013-10-03,5.058,4.606,28.156,21.243,19.189,4.879,3.01
2013-10-04,5.067,4.614,28.204,21.329,19.189,4.905,3.019
2013-10-07,5.033,4.581,27.964,21.2,19.049,4.803,3.002
2013-10-08,5.058,4.614,28.084,21.457,19.189,4.888,3.027
2013-10-09,5.033,4.597,27.653,21.5,19.096,4.854,3.019
2013-10-10,4.992,4.564,27.39,21.5,18.956,4.812,3.002
2013-10-11,5.042,4.623,27.869,21.586,19.282,4.863,3.027
2013-10-15,5.075,4.648,28.204,21.672,19.422,4.896,3.044
2013-10-16,5.058,4.631,28.084,21.543,19.235,4.871,3.027
2013-10-17,5.008,4.556,27.845,21.457,19.002,4.803,3.002
2013-10-18,5.05,4.53,28.012,21.715,19.096,4.837,3.002
2013-10-21,5.05,4.539,28.036,21.672,19.096,4.846,3.019
2013-10-22,5.017,4.522,27.797,21.629,19.002,4.82,3.01
2013-10-23,4.9,4.422,27.725,21.457,18.676,4.727,2.952
2013-10-24,4.808,4.363,27.51,21.329,18.462,4.694,2.918
2013-10-25,4.766,4.304,27.295,21.243,18.276,4.609,2.885
2013-10-28,4.816,4.355,27.749,21.114,18.611,4.618,2.893
2013-10-29,4.916,4.472,27.964,21.372,18.723,4.702,2.96
2013-10-30,5.033,4.581,29.017,21.758,19.282,4.837,3.027
2013-10-31,5.025,4.547,29.208,21.715,19.189,4.787,3.036
2013-11-01,5.05,4.539,29.424,21.586,19.515,4.795,3.027
2013-11-04,5.075,4.53,29.352,21.672,19.701,4.795,3.044
2013-11-05,5.025,4.472,29.232,21.415,19.654,4.702,3.019
2013-11-06,5,4.455,29.28,21.415,19.515,4.702,3.002
2013-11-07,4.95,4.413,29.161,21.157,19.282,4.618,2.969
2013-11-08,4.925,4.371,29.208,21.157,19.096,4.601,2.96
2013-11-11,5.042,4.489,29.878,21.415,19.422,4.694,3.019
2013-11-12,4.983,4.48,29.782,21.372,19.515,4.668,2.994
2013-11-13,4.841,4.321,29.161,21.586,19.002,4.491,2.893
2013-11-14,4.875,4.346,29.304,21.758,19.189,4.508,2.91
2013-11-15,4.983,4.463,30.381,21.801,19.794,4.643,3.002
2013-11-18,5.175,4.631,33.251,22.23,21.517,4.896,3.111
2013-11-19,5.209,4.648,33.443,22.144,22.542,4.854,3.094
2013-11-20,5.25,4.639,34.16,22.573,22.682,4.896,3.111
2013-11-21,5.175,4.614,33.993,22.316,22.682,4.803,3.086
2013-11-22,5.234,4.648,34.997,22.487,23.287,4.837,3.119
2013-11-25,5.209,4.623,34.567,22.53,23.241,4.846,3.111
2013-11-26,5.192,4.614,34.423,22.659,22.961,4.812,3.094
2013-11-27,5.217,4.648,34.71,22.359,23.194,4.846,3.128
2013-11-28,5.217,4.648,34.352,22.402,23.194,4.854,3.111
2013-11-29,5.242,4.664,34.591,22.487,23.287,4.888,3.136
2013-12-02,5.25,4.69,36.026,22.745,23.939,4.879,3.153
2013-12-03,5.225,4.673,35.524,22.487,23.8,4.82,3.111
2013-12-04,5.184,4.614,35.978,22.273,23.8,4.753,3.086
2013-12-05,5.184,4.614,35.906,22.058,23.706,4.761,3.086
2013-12-06,5.234,4.681,35.572,21.93,23.613,4.736,3.119
2013-12-09,5.217,4.69,36.361,22.015,23.846,4.77,3.111
2013-12-10,5.184,4.673,36.241,21.887,23.753,4.77,3.102
2013-12-11,5.058,4.547,34.782,21.415,22.961,4.668,3.027
2013-12-12,4.983,4.489,34.71,21.157,22.728,4.609,3.002
2013-12-13,5.017,4.505,34.83,21.243,23.241,4.66,3.027
2013-12-16,4.966,4.43,34.064,21.2,22.915,4.609,3.01
2013-12-17,4.941,4.413,33.921,21.071,22.682,4.584,3.002
2013-12-18,4.958,4.396,34.758,21.028,23.008,4.643,2.985
2013-12-19,4.875,4.346,33.658,21.071,22.449,4.542,2.944
2013-12-20,4.866,4.346,32.103,21.028,21.843,4.516,2.927
2013-12-23,4.858,4.346,32.653,21.071,21.937,4.508,2.927
2013-12-24,4.933,4.405,33.466,21.329,22.449,4.592,2.994
2013-12-27,4.933,4.38,33.466,21.372,22.682,4.618,2.994
2013-12-30,4.883,4.371,33.347,21.286,22.449,4.559,2.969
2013-12-31,4.883,4.388,33.227,21.329,22.589,4.618,2.985
2014-01-02,4.858,4.355,32.868,21.243,22.216,4.567,2.969
2014-01-03,4.741,4.237,32.246,20.943,21.471,4.44,2.893
2014-01-06,4.666,4.154,31.935,20.728,21.191,4.339,2.868
2014-01-07,4.641,4.145,31.577,20.685,20.912,4.331,2.868
2014-01-08,4.708,4.221,32.581,20.685,21.191,4.398,2.902
2014-01-09,4.624,4.137,32.151,20.728,20.633,4.348,2.86
2014-01-10,4.633,4.145,32.127,20.857,20.539,4.373,2.893
2014-01-13,4.658,4.145,32.199,20.857,20.539,4.39,2.877
2014-01-14,4.633,4.128,32.39,20.814,20.912,4.39,2.86
2014-01-15,4.624,4.137,32.844,20.857,21.191,4.415,2.86
2014-01-16,4.633,4.137,32.916,20.771,21.331,4.407,2.86
2014-01-17,4.583,4.087,32.892,20.943,21.098,4.39,2.835
2014-01-20,4.499,4.003,32.055,20.857,20.912,4.331,2.81
2014-01-21,4.633,4.112,32.27,21.329,21.331,4.381,2.868
2014-01-22,4.691,4.17,32.366,21.2,21.704,4.407,2.868
2014-01-23,4.549,4.028,31.959,20.857,21.331,4.288,2.793
2014-01-24,4.507,3.986,31.553,20.685,20.912,4.297,2.768
2014-01-27,4.424,3.911,30.213,20.47,20.306,4.221,2.718
2014-01-28,4.407,3.911,30.165,20.385,19.887,4.238,2.718
2014-01-29,4.516,4.07,30.787,20.428,19.887,4.288,2.768
2014-01-30,4.499,4.028,30.093,20.256,19.748,4.263,2.751
2014-02-04,4.34,3.902,29.089,19.827,19.002,4.145,2.684
2014-02-05,4.315,3.877,28.802,19.87,18.863,4.12,2.659
2014-02-06,4.34,3.902,28.873,19.827,18.956,4.145,2.668
2014-02-07,4.391,3.936,29.089,19.827,19.142,4.179,2.693
2014-02-10,4.324,3.886,28.969,20.127,19.142,4.137,2.659
2014-02-11,4.457,3.978,30.452,20.213,20.12,4.238,2.718
2014-02-12,4.532,4.036,30.811,20.385,20.306,4.297,2.76
2014-02-13,4.474,3.986,30.476,20.299,20.027,4.288,2.718
2014-02-14,4.499,4.011,30.668,20.428,20.12,4.314,2.735
2014-02-17,4.574,4.07,31.84,20.642,21.285,4.364,2.768
2014-02-18,4.532,4.053,31.72,20.556,21.517,4.348,2.751
2014-02-19,4.532,4.053,31.529,20.943,21.471,4.373,2.751
2014-02-20,4.441,3.944,30.835,20.728,21.238,4.255,2.735
2014-02-21,4.432,3.919,30.739,20.814,21.285,4.255,2.718
2014-02-24,4.391,3.894,30.333,20.513,21.098,4.196,2.701
2014-02-25,4.382,3.877,29.854,20.513,20.819,4.17,2.709
2014-02-26,4.391,3.844,29.95,20.299,20.959,4.187,2.718
2014-02-27,4.474,3.919,30.333,20.556,21.098,4.255,2.751
2014-02-28,4.449,3.894,30.165,20.213,21.145,4.204,2.726
2014-03-03,4.391,3.844,29.615,19.955,20.493,4.137,2.693
2014-03-04,4.391,3.852,29.782,20.17,20.633,4.137,2.693
2014-03-05,4.324,3.81,29.448,20.17,20.679,4.086,2.676
2014-03-06,4.315,3.785,29.759,20.428,20.586,4.103,2.676
2014-03-07,4.374,3.835,29.902,20.213,20.4,4.086,2.684
2014-03-10,4.282,3.777,29.4,20.041,19.934,4.018,2.643
2014-03-11,4.274,3.768,29.184,20.041,19.98,4.01,2.643
2014-03-12,4.215,3.718,28.945,19.784,19.282,3.951,2.609
2014-03-13,4.207,3.735,29.232,19.741,19.049,3.934,2.601
2014-03-14,4.199,3.71,28.921,19.698,18.863,3.951,2.601
2014-03-17,4.215,3.701,28.562,19.784,18.956,3.925,2.601
2014-03-18,4.199,3.693,28.682,19.87,19.235,3.9,2.601
2014-03-19,4.182,3.693,29.089,19.741,19.235,3.917,2.584
2014-03-20,4.107,3.634,28.61,19.483,18.77,3.841,2.542
2014-03-21,4.174,3.71,28.897,19.655,18.956,3.993,2.601
2014-03-24,4.307,3.819,29.782,19.655,19.701,4.094,2.676
2014-03-25,4.315,3.827,29.519,19.913,19.701,4.086,2.693
2014-03-26,4.407,3.877,30.189,20.084,19.748,4.221,2.76
2014-03-27,4.416,3.869,30.452,18.84,19.934,4.212,2.801
2014-03-28,4.474,3.953,30.739,18.625,20.167,4.263,2.843
2014-03-31,4.532,3.994,30.763,18.968,20.446,4.28,2.877
2014-04-01,4.516,3.986,31.002,18.926,20.4,4.297,2.885
2014-04-02,4.466,3.927,30.907,19.183,20.353,4.229,2.827
2014-04-03,4.507,3.944,31.313,19.526,20.26,4.238,2.843
2014-04-04,4.507,3.969,31.29,19.569,20.353,4.28,2.827
2014-04-07,4.549,4.003,31.242,19.569,20.679,4.28,2.86
2014-04-08,4.641,4.103,31.72,19.655,20.959,4.381,2.91
2014-04-09,4.683,4.128,31.864,19.998,20.959,4.39,2.944
2014-04-10,4.633,4.095,30.907,19.955,21.191,4.339,2.935
2014-04-11,4.566,4.028,29.376,19.998,20.074,4.288,2.935
2014-04-14,4.599,4.053,29.424,19.698,20.26,4.331,2.935
2014-04-15,4.516,4.011,29.137,19.483,19.794,4.221,2.893
2014-04-16,4.507,4.011,28.826,19.398,19.748,4.212,2.893
2014-04-17,4.549,4.028,28.73,19.44,19.701,4.221,2.918
2014-04-22,4.516,4.02,28.61,19.312,19.561,4.187,2.877
2014-04-23,4.457,3.961,28.204,19.14,19.328,4.12,2.835
2014-04-24,4.491,3.944,28.156,19.355,19.328,4.128,2.86
2014-04-25,4.432,3.877,27.964,19.14,19.049,4.052,2.818
2014-04-28,4.441,3.869,27.51,19.312,18.63,4.061,2.827
2014-04-29,4.507,3.911,27.964,19.483,19.002,4.145,2.877
2014-04-30,4.466,3.869,27.438,19.483,18.611,4.069,2.852
2014-05-02,4.441,3.869,27.606,19.526,18.676,4.086,2.835
2014-05-05,4.449,3.869,27.271,19.398,18.574,4.052,2.843
2014-05-07,4.399,3.852,27.079,18.968,18.425,4.018,2.827
2014-05-08,4.449,3.894,26.888,19.054,18.676,4.035,2.843
2014-05-09,4.424,3.911,26.912,19.054,18.593,4.061,2.835
2014-05-12,4.499,3.953,27.366,19.269,18.956,4.153,2.868
2014-05-13,4.499,3.927,27.39,19.226,18.816,4.137,2.868
2014-05-14,4.591,4.011,27.51,19.226,18.863,4.229,2.918
2014-05-15,4.599,4.036,27.486,19.355,18.77,4.212,2.935
2014-05-16,4.599,4.036,27.414,19.312,18.676,4.212,2.935
2014-05-19,4.591,4.036,27.103,19.269,18.574,4.204,2.935
2014-05-20,4.557,4.053,26.936,19.269,18.611,4.221,2.944
2014-05-21,4.616,4.103,27.151,19.226,18.676,4.246,2.985
2014-05-22,4.683,4.162,27.773,19.44,19.049,4.322,3.002
2014-05-23,4.691,4.179,27.845,19.355,19.049,4.339,3.01
2014-05-26,4.691,4.162,27.988,19.526,19.096,4.339,3.019
2014-05-27,4.674,4.154,27.869,19.612,18.956,4.314,3.019
2014-05-28,4.741,4.221,28.108,19.913,19.515,4.364,3.044
2014-05-29,4.741,4.204,28.156,19.913,19.701,4.348,3.027
2014-05-30,4.749,4.221,28.682,20.041,19.841,4.381,3.086
2014-06-03,4.833,4.304,28.969,20.084,20.194,4.424,3.111
2014-06-04,4.825,4.321,28.658,20.256,19.957,4.415,3.094
2014-06-05,4.816,4.329,28.897,20.041,20.241,4.415,3.102
2014-06-06,4.749,4.321,28.778,19.87,20.194,4.415,3.036
2014-06-09,4.816,4.329,28.754,19.998,20.241,4.457,3.094
2014-06-10,4.866,4.38,28.945,20.17,20.668,4.508,3.119
2014-06-11,4.858,4.388,29.184,20.385,20.525,4.5,3.119
2014-06-12,4.841,4.349,29.376,20.127,20.241,4.516,3.128
2014-06-13,4.9,4.429,29.519,20.228,20.288,4.542,3.144
2014-06-16,4.866,4.42,29.639,20.184,20.478,4.542,3.128
2014-06-17,4.833,4.411,29.448,20.053,20.383,4.508,3.128
2014-06-18,4.816,4.411,29.687,20.053,20.146,4.483,3.111
2014-06-19,4.866,4.411,29.352,20.228,19.814,4.483,3.114
2014-06-20,4.883,4.402,29.448,20.14,19.909,4.5,3.105
2014-06-23,4.775,4.322,28.802,19.746,19.293,4.44,3.025
2014-06-24,4.8,4.322,29.017,19.702,19.34,4.483,3.061
2014-06-25,4.791,4.295,28.804,19.702,19.246,4.449,3.061
2014-06-26,4.875,4.375,29.07,19.834,19.435,4.516,3.114
2014-06-27,4.866,4.375,28.853,19.79,19.34,4.508,3.123
2014-06-30,4.891,4.375,28.973,19.659,19.246,4.516,3.105
2014-07-02,4.994,4.438,29.36,20.315,19.72,4.643,3.159
2014-07-03,5.003,4.456,29.529,20.447,19.862,4.719,3.177
2014-07-04,5.03,4.474,29.287,20.447,19.814,4.701,3.222
2014-07-07,5.012,4.456,29.432,20.447,19.814,4.674,3.213
2014-07-08,5.03,4.482,29.408,20.578,19.72,4.692,3.213
2014-07-09,4.958,4.42,28.998,20.272,19.53,4.629,3.123
2014-07-10,4.967,4.456,28.539,20.447,19.767,4.656,3.096
2014-07-11,4.958,4.447,28.418,20.534,19.72,4.656,3.105
2014-07-14,4.976,4.474,28.684,20.622,19.862,4.692,3.132
2014-07-15,4.976,4.465,28.732,20.622,19.862,4.692,3.15
2014-07-16,4.976,4.447,28.491,20.709,19.625,4.674,3.159
2014-07-17,4.967,4.438,28.466,20.578,19.483,4.701,3.15
2014-07-18,4.976,4.438,28.297,20.666,19.435,4.683,3.15
2014-07-21,4.976,4.438,28.104,20.534,19.198,4.638,3.123
2014-07-22,5.065,4.509,28.829,20.753,19.767,4.737,3.159
2014-07-23,5.119,4.581,29.891,20.666,20.336,4.782,3.213
2014-07-24,5.163,4.634,31.002,20.972,20.857,4.817,3.24
2014-07-25,5.19,4.643,31.074,21.103,20.952,4.907,3.266
2014-07-28,5.261,4.715,31.46,21.235,21.047,5.212,3.311
2014-07-29,5.288,4.715,32.016,21.235,21.711,5.248,3.347
2014-07-30,5.315,4.75,32.064,21.366,21.758,5.302,3.338
2014-07-31,5.333,4.759,32.112,21.41,22.137,5.347,3.329
2014-08-01,5.279,4.679,31.654,21.366,21.805,5.275,3.275
2014-08-04,5.297,4.724,32.136,21.454,22.042,5.266,3.302
2014-08-05,5.253,4.679,31.823,21.191,21.853,5.257,3.284
2014-08-06,5.244,4.661,31.605,21.191,21.711,5.275,3.275
2014-08-07,5.19,4.607,31.267,21.498,21.521,5.212,3.266
2014-08-08,5.154,4.59,31.05,21.454,21.331,5.149,3.24
2014-08-11,5.261,4.67,31.823,21.541,21.9,5.221,3.275
2014-08-12,5.261,4.679,31.557,21.541,21.758,5.194,3.293
2014-08-13,5.306,4.715,32.016,21.673,22.137,5.284,3.32
2014-08-14,5.244,4.688,31.847,21.804,21.805,5.212,3.302
2014-08-15,5.27,4.697,31.943,21.848,21.758,5.212,3.302
2014-08-18,5.226,4.679,31.919,21.848,22.042,5.212,3.284
2014-08-19,5.244,4.679,31.774,22.111,21.9,5.212,3.293
2014-08-20,5.244,4.661,31.557,22.767,21.711,5.185,3.284
2014-08-21,5.199,4.625,31.146,22.811,21.426,5.096,3.266
2014-08-22,5.253,4.661,31.75,22.723,21.616,5.167,3.284
2014-08-25,5.279,4.697,31.605,23.249,21.568,5.158,3.302
2014-08-26,5.27,4.679,31.509,22.855,21.711,5.212,3.293
2014-08-27,5.208,4.643,31.171,22.855,21.474,5.167,3.257
2014-08-28,5.146,4.59,30.784,22.767,21.331,5.06,3.231
2014-08-29,5.137,4.59,30.47,22.811,21.094,5.078,3.222
2014-09-01,5.092,4.545,30.277,22.899,20.999,5.051,3.213
2014-09-02,5.065,4.509,30.446,22.811,21.094,5.069,3.213
2014-09-03,5.27,4.715,31.533,23.074,21.853,5.23,3.302
2014-09-04,5.279,4.733,31.992,23.118,22.469,5.221,3.32
2014-09-05,5.306,4.759,31.943,23.074,22.327,5.212,3.347
2014-09-08,5.306,4.75,31.798,23.161,22.706,5.221,3.347
2014-09-10,5.181,4.634,31.127,23.161,22.09,5.122,3.275
2014-09-11,5.163,4.616,31.005,23.067,21.853,5.096,3.266
2014-09-12,5.154,4.607,31.005,22.933,21.9,5.105,3.257
2014-09-15,5.101,4.581,30.496,22.799,21.474,5.051,3.222
2014-09-16,5.083,4.545,30.181,22.978,21.331,5.033,3.222
2014-09-17,5.181,4.634,30.569,23.067,21.663,5.149,3.275
2014-09-18,5.11,4.59,30.108,22.889,21.474,5.14,3.257
2014-09-19,5.092,4.572,30.084,22.978,21.426,5.212,3.24
2014-09-22,5.021,4.509,29.501,22.71,21.094,5.087,3.195
2014-09-23,5.012,4.491,29.259,22.799,20.999,5.087,3.195
2014-09-24,5.083,4.545,29.501,23.023,21.047,5.122,3.24
2014-09-25,5.03,4.482,29.283,22.754,20.999,5.042,3.213
2014-09-26,5.021,4.447,28.919,22.978,20.857,5.096,3.204
2014-09-29,4.923,4.384,28.725,22.129,20.715,4.952,3.159
2014-09-30,4.851,4.322,28.288,22.129,20.431,4.853,3.114
2014-10-03,4.869,4.349,28.604,22.084,20.525,4.898,3.123
2014-10-06,4.914,4.384,28.652,22.218,20.62,4.934,3.141
2014-10-07,4.94,4.429,28.725,22.084,20.715,4.97,3.159
2014-10-08,4.896,4.402,28.676,21.86,20.715,4.925,3.132
2014-10-09,4.976,4.438,29.065,22.173,20.762,4.961,3.159
2014-10-10,4.896,4.366,28.555,21.95,20.431,4.871,3.105
2014-10-13,4.905,4.357,28.458,22.397,20.431,4.898,3.123
2014-10-14,4.896,4.366,28.312,22.352,20.336,4.871,3.132
2014-10-15,4.958,4.402,28.361,22.307,20.383,4.916,3.159
2014-10-16,4.914,4.357,28.215,22.173,20.146,4.862,3.132
2014-10-17,4.914,4.393,28.555,22.442,20.288,4.925,3.141
2014-10-20,4.932,4.411,28.628,22.397,20.431,4.925,3.15
2014-10-21,4.932,4.402,28.628,22.352,20.478,4.907,3.15
2014-10-22,5.003,4.456,28.87,22.531,20.762,4.997,3.204
2014-10-23,5.021,4.482,28.943,22.576,20.857,5.069,3.213
2014-10-24,4.985,4.456,28.87,22.486,20.715,5.042,3.213
2014-10-27,4.949,4.42,28.652,22.397,20.668,4.997,3.204
2014-10-28,5.074,4.509,29.574,22.754,21.189,5.131,3.293
2014-10-29,5.128,4.563,30.423,22.889,21.663,5.203,3.32
2014-10-30,5.101,4.527,30.084,22.754,21.474,5.105,3.293
2014-10-31,5.154,4.581,30.739,23.067,21.995,5.212,3.32
2014-11-03,5.119,4.545,30.472,22.933,21.805,5.158,3.311
2014-11-04,5.137,4.545,30.423,23.067,21.805,5.212,3.329
2014-11-05,5.101,4.491,30.035,22.978,21.853,5.194,3.302
2014-11-06,5.083,4.456,29.841,23.067,21.758,5.185,3.284
2014-11-10,5.074,4.509,28.968,23.023,21.616,5.221,3.302
2014-11-11,5.101,4.509,29.21,23.559,21.758,5.329,3.401
2014-11-12,5.101,4.509,28.798,24.453,21.805,5.338,3.436
2014-11-13,5.146,4.563,29.38,24.543,22.09,5.356,3.454
2014-11-14,5.154,4.563,29.501,24.543,21.9,5.347,3.445
2014-11-17,5.065,4.509,29.065,24.587,21.568,5.239,3.383
2014-11-18,5.021,4.447,28.579,24.23,21.474,5.176,3.338
2014-11-19,4.985,4.42,28.579,24.006,21.521,5.14,3.32
2014-11-20,4.976,4.411,28.24,23.783,21.616,5.131,3.32
2014-11-21,4.994,4.429,28.507,23.962,21.805,5.105,3.338
2014-11-24,5.101,4.536,30.059,24.453,23.654,5.185,3.41
2014-11-25,5.11,4.545,29.938,24.587,23.701,5.203,3.401
2014-11-26,5.208,4.616,31.03,24.811,25.408,5.374,3.481
2014-11-27,5.172,4.625,31.151,24.721,25.598,5.419,3.454
2014-11-28,5.244,4.697,31.563,24.498,25.55,5.768,3.58
2014-12-01,5.11,4.581,31.466,23.917,24.318,5.643,3.499
2014-12-02,5.235,4.67,33.383,24.409,25.74,5.903,3.642
2014-12-03,5.217,4.661,34.232,24.632,25.598,5.75,3.606
2014-12-04,5.342,4.768,35.469,24.498,26.498,6.208,3.723
2014-12-05,5.502,4.893,35.421,24.498,26.498,6.253,3.696
2014-12-08,5.716,5.072,36.949,23.962,26.972,6.387,3.866
2014-12-09,5.404,4.804,34.645,23.559,25.645,6.073,3.714
2014-12-10,5.449,4.786,35.469,23.738,25.74,6.109,3.723
2014-12-11,5.413,4.759,35.761,23.425,25.598,6.011,3.669
2014-12-12,5.351,4.724,35.906,23.246,25.361,5.993,3.678
2014-12-15,5.368,4.697,35.178,22.978,25.266,5.894,3.66
2014-12-16,5.333,4.652,35.736,22.799,25.266,5.822,3.606
2014-12-17,5.413,4.741,35.591,22.754,25.55,6.029,3.705
2014-12-18,5.404,4.768,35.906,22.576,26.166,5.948,3.705
2014-12-19,5.458,4.795,36.1,22.307,26.356,6.1,3.732
2014-12-22,5.645,4.956,37.362,22.844,26.83,6.307,3.875
2014-12-23,5.547,4.938,36.925,22.889,26.925,6.298,3.794
2014-12-24,5.502,4.875,35.785,23.067,26.593,6.244,3.768
2014-12-29,5.681,5.027,38.454,23.291,28.916,6.45,3.884
2014-12-30,5.6,4.965,38.284,22.933,28.252,6.361,3.839
2014-12-31,5.681,5.054,38.381,23.202,28.868,6.495,3.911
2015-01-02,5.797,5.152,40.322,23.291,29.769,6.585,3.964
2015-01-05,5.814,5.179,39.909,23.023,29.011,6.441,3.973
2015-01-06,5.734,5.099,38.866,22.71,28.157,6.307,3.947
2015-01-07,5.779,5.134,39.036,22.889,28.252,6.172,3.982
2015-01-08,5.752,5.108,39.739,22.933,28.394,6.136,3.964
2015-01-09,5.752,5.116,40.346,23.425,28.868,6.082,3.973
2015-01-12,5.707,5.072,40.055,23.336,28.821,6.047,3.929
2015-01-13,5.716,5.099,40.249,23.38,29.058,6.1,3.938
2015-01-14,5.698,5.072,40.443,23.425,28.963,6.055,3.947
2015-01-15,5.752,5.125,42.044,23.783,30.006,6.163,4
2015-01-16,5.69,5.072,42.845,23.649,30.101,6.199,3.973
2015-01-19,5.475,4.866,39.4,23.336,28.063,5.697,3.741
2015-01-20,5.574,4.983,40.564,23.38,29.248,5.813,3.839
2015-01-21,5.681,5.108,42.02,23.604,30.148,5.984,3.938
2015-01-22,5.725,5.134,41.389,23.693,30.101,6.038,3.991
2015-01-23,5.788,5.215,42.287,23.917,30.764,6.19,4.045
2015-01-26,5.734,5.206,42.529,24.051,30.859,6.163,4.054
2015-01-27,5.609,5.116,41.632,24.006,30.243,6.073,3.973
2015-01-28,5.663,5.108,41.171,24.051,29.627,5.939,3.982
2015-01-29,5.574,5,40.249,23.872,29.153,5.786,3.893
2015-01-30,5.556,4.983,40.079,24.364,29.011,5.849,3.884
2015-02-02,5.493,4.911,39.157,24.543,28.347,5.795,3.839
2015-02-03,5.565,4.983,40.467,24.319,29.627,5.831,3.866
2015-02-04,5.591,4.974,40.273,24.409,29.153,5.885,3.875
2015-02-05,5.698,5.063,40.273,24.096,29.437,5.795,3.938
2015-02-06,5.627,5.009,39.739,24.319,29.153,5.768,3.875
2015-02-09,5.618,4.947,39.667,24.587,29.295,5.67,3.821
2015-02-10,5.609,4.965,39.909,24.677,29.437,5.724,3.857
2015-02-11,5.556,4.92,40.079,24.721,29.342,5.706,3.821
2015-02-12,5.654,4.983,40.273,24.23,29.816,5.831,3.884
2015-02-13,5.716,5.045,41.486,24.409,30.338,5.858,3.938
2015-02-16,5.716,5.054,41.68,24.319,30.338,5.858,3.929
2015-02-17,5.743,5.072,41.704,24.364,30.527,5.912,3.938
2015-02-18,5.743,5.072,41.68,24.319,30.717,5.921,3.947
2015-02-23,5.752,5.09,41.389,24.185,30.622,5.966,3.947
2015-02-24,5.752,5.09,41.583,24.409,30.717,5.885,3.938
2015-02-25,5.725,5.054,41.316,24.319,31.001,5.912,3.955
2015-02-26,5.788,5.099,41.971,24.587,31.381,6.011,4
2015-02-27,5.752,5.054,41.85,24.453,31.523,6.002,3.991
2015-03-02,5.779,5.072,41.899,24.364,31.57,6.055,4.018
2015-03-03,5.663,4.983,41.219,24.364,30.385,5.858,3.929
2015-03-04,5.583,4.92,40.37,24.319,29.674,5.777,3.848
2015-03-05,5.52,4.849,39.812,24.006,29.342,5.652,3.785
2015-03-06,5.52,4.858,39.982,23.604,29.39,5.616,3.785
2015-03-09,5.591,4.893,40.661,23.649,29.722,5.661,3.839
2015-03-10,5.529,4.849,39.667,23.917,29.011,5.616,3.759
2015-03-11,5.493,4.804,39.764,23.738,28.821,5.562,3.75
2015-03-12,5.6,4.893,40.249,23.604,29.39,5.724,3.812
2015-03-13,5.645,4.956,40.588,23.604,29.627,5.84,3.893
2015-03-16,5.672,4.983,41.899,23.738,30.29,5.903,3.929
2015-03-17,5.672,4.991,42.117,23.917,30.148,5.912,3.92
2015-03-18,5.734,5.045,42.578,23.827,30.67,6.002,3.955
2015-03-19,5.77,5.09,42.942,24.051,31.049,6.055,3.982
2015-03-20,5.779,5.081,44.689,24.096,31.191,5.993,3.982
2015-03-23,5.77,5.081,45.344,24.185,31.902,5.939,3.991
2015-03-24,5.69,4.983,44.179,24.096,31.428,5.831,3.947
2015-03-25,5.681,4.974,44.179,24.498,30.954,5.813,3.938
2015-03-26,5.69,4.974,44.058,24.856,30.622,5.777,3.902
2015-03-27,5.627,4.911,44.252,25.213,30.622,5.724,3.866
2015-03-30,5.725,5.045,45.271,25.169,32.281,5.912,3.991
2015-03-31,5.743,5.108,45.222,24.721,32.187,5.966,4.009
2015-04-01,5.788,5.143,45.829,25.034,32.945,6.029,4.09
2015-04-02,5.85,5.224,45.198,25.124,33.135,6.064,4.134
2015-04-08,6.144,5.402,47.187,25.347,35.41,6.325,4.331
2015-04-09,6.26,5.545,47.697,25.437,37.069,6.477,4.394
2015-04-10,6.332,5.599,50.608,25.884,37.922,6.63,4.492
2015-04-13,6.822,5.92,52.015,26.867,37.922,7.006,4.877
2015-04-14,6.697,5.884,50.511,26.733,36.642,6.872,4.779
2015-04-15,6.992,6.17,51.627,26.644,35.931,7.168,4.949
2015-04-16,6.956,6.197,53.228,26.733,37.401,7.141,4.94
2015-04-17,6.786,6.063,52.84,26.688,36.642,7.024,4.815
2015-04-20,6.644,5.983,50.705,26.063,35.22,6.881,4.689
2015-04-21,6.92,6.224,53.325,26.197,36.69,7.123,4.886
2015-04-22,6.858,6.233,54.587,26.823,36.642,7.15,4.895
2015-04-23,6.804,6.081,52.937,27.627,35.789,7.051,4.824
2015-04-24,6.786,6.054,53.471,27.895,35.694,7.042,4.824
2015-04-27,6.795,6.09,53.18,28.164,36.216,7.105,4.895
2015-04-28,6.92,6.17,54.005,28.164,36.121,7.186,4.967
2015-04-29,6.858,6.134,53.471,28.208,36.405,7.159,4.949
2015-04-30,6.733,6.018,54.053,26.957,35.789,7.15,4.77
2015-05-04,6.769,5.974,53.52,26.778,35.694,7.24,4.734
2015-05-05,6.599,5.822,52.064,26.465,35.173,6.935,4.582
2015-05-06,6.59,5.795,52.743,26.465,35.931,6.836,4.582
2015-05-07,6.492,5.733,52.452,26.42,35.315,6.764,4.51
2015-05-08,6.581,5.84,53.762,26.644,35.647,6.827,4.609
2015-05-11,6.572,5.875,54.247,26.912,36.216,6.917,4.671
2015-05-12,6.51,5.804,53.956,26.644,35.457,6.836,4.573
2015-05-13,6.555,5.777,52.598,26.51,34.889,6.773,4.537
2015-05-14,6.519,5.795,52.452,26.867,34.415,6.755,4.528
2015-05-15,6.635,5.902,53.568,27.359,35.078,6.863,4.618
2015-05-18,6.59,5.902,53.034,27.27,34.746,6.827,4.582
2015-05-19,6.715,5.983,54.102,27.448,35.742,7.024,4.645
2015-05-20,6.751,6.009,54.684,27.493,35.789,7.078,4.671
2015-05-21,6.76,5.983,54.83,27.404,35.41,7.012,4.618
2015-05-22,6.885,6.072,57.838,29.639,36.548,7.05,4.716
2015-05-26,7.054,6.206,59.439,29.862,37.875,7.265,4.841
2015-05-27,7.081,6.179,58.857,29.46,37.069,7.209,4.824
2015-05-28,6.822,6.009,56.431,28.7,35.457,6.909,4.645
2015-05-29,6.947,6.027,55.363,28.521,35.315,6.919,4.609
2015-06-01,6.974,6.09,56.479,28.834,35.979,7.228,4.662
2015-06-02,6.938,6.054,55.752,28.521,35.315,7.115,4.671
2015-06-03,6.947,6,54.781,28.968,35.027,7.153,4.636
2015-06-04,7.054,6.027,54.733,28.79,34.931,7.547,4.68
2015-06-05,6.947,5.911,53.956,28.834,34.21,7.312,4.618
2015-06-08,7.036,5.974,55.606,28.566,34.739,7.894,4.788
2015-06-09,6.902,5.902,53.859,28.745,33.682,7.819,4.761
2015-06-10,6.804,5.813,53.18,28.208,33.153,7.556,4.645
2015-06-11,6.849,5.875,54.247,28.387,34.114,7.631,4.698
2015-06-12,6.92,5.965,55.752,28.879,34.883,7.744,4.761
2015-06-15,6.769,5.822,54.005,28.745,33.826,7.462,4.645
2015-06-16,6.644,5.706,53.18,28.566,32.865,7.322,4.564
2015-06-17,6.706,5.742,53.811,28.968,33.346,7.444,4.671
2015-06-18,6.67,5.688,53.471,29.219,32.625,7.265,4.618
2015-06-19,6.724,5.661,52.258,29.264,32.096,7.247,4.6
2015-06-22,6.813,5.759,52.84,29.355,33.057,7.453,4.689
2015-06-23,6.941,5.92,53.908,30.265,33.73,7.594,4.832
2015-06-24,6.913,6,54.247,29.856,33.634,7.584,4.868
2015-06-25,6.828,5.983,53.617,29.583,32.913,7.603,4.8
2015-06-26,6.65,5.893,51.724,29.446,31.904,7.415,4.707
2015-06-29,6.5,5.723,49.735,28.809,31.376,7.275,4.604
2015-06-30,6.641,5.78,50.802,29.401,32.433,7.575,4.716
2015-07-02,6.622,5.77,49.444,29.901,31.808,7.575,4.707
2015-07-03,6.612,5.827,48.037,29.173,30.991,7.378,4.651
2015-07-06,6.425,5.733,46.096,27.717,30.319,7.2,4.491
2015-07-07,6.378,5.583,44.3,27.535,29.406,7.069,4.36
2015-07-08,5.993,5.16,41.559,25.532,26.811,7.125,4.061
2015-07-09,5.975,5.179,44.3,26.807,28.349,6.75,4.033
2015-07-10,6.115,5.311,46.508,27.853,30.222,6.872,4.164
2015-07-13,6.172,5.423,47.236,28.035,30.559,6.9,4.239
2015-07-14,6.097,5.367,46.266,27.853,30.367,6.853,4.201
2015-07-15,6.078,5.311,45.586,28.491,29.55,6.694,4.155
2015-07-16,6.097,5.329,46.29,28.491,29.934,6.628,4.164
2015-07-17,6.134,5.339,47.09,29.128,30.271,6.787,4.183
2015-07-20,6.115,5.32,46.654,29.401,30.03,6.703,4.173
2015-07-21,6.153,5.301,47.212,29.401,30.559,6.712,4.201
2015-07-22,6.097,5.226,46.872,29.264,30.511,6.703,4.155
2015-07-23,6.125,5.245,47.697,29.173,30.463,6.75,4.183
2015-07-24,6.059,5.217,47.09,29.037,29.55,6.675,4.136
2015-07-27,5.89,5.104,46.052,28.081,27.916,6.497,4.014
2015-07-28,5.871,5.067,44.929,28.491,28.108,6.459,3.986
2015-07-29,5.956,5.123,44.441,28.764,28.493,6.431,3.986
2015-07-30,5.9,5.029,43.708,28.217,27.772,6.384,3.949
2015-07-31,5.937,5.01,43.562,28.445,27.436,6.394,3.967
2015-08-03,5.918,4.982,42.438,28.126,26.523,6.375,3.958
2015-08-04,5.937,4.954,43.122,28.354,27.436,6.431,3.949
2015-08-05,5.946,5.01,42.78,28.627,27.58,6.403,3.939
2015-08-06,5.928,5.01,42.292,28.399,27.195,6.375,3.921
2015-08-07,6.012,5.057,43.024,28.718,27.532,6.534,3.977
2015-08-10,5.975,5.02,43.464,28.627,28.012,6.431,3.958
2015-08-11,5.928,5.01,43.513,28.673,28.397,6.412,3.939
2015-08-12,5.825,4.935,42.438,26.442,27.58,6.215,3.865
2015-08-13,5.834,4.926,42.39,25.987,27.724,6.262,3.836
2015-08-14,5.834,4.926,42.243,26.761,27.628,6.244,3.855
2015-08-17,5.796,4.851,41.804,26.442,27.195,6.169,3.818
2015-08-18,5.731,4.804,40.534,25.896,26.379,6.094,3.771
2015-08-19,5.646,4.748,39.362,25.805,25.706,6.009,3.743
2015-08-20,5.553,4.701,38.678,25.077,25.225,5.944,3.696
2015-08-21,5.431,4.626,37.897,24.576,24.697,5.784,3.621
2015-08-24,5.177,4.41,34.966,23.257,23.352,5.578,3.462
2015-08-25,5.121,4.344,35.65,23.848,23.976,5.512,3.378
2015-08-26,5.046,4.307,35.064,23.484,23.592,5.494,3.303
2015-08-27,5.234,4.419,37.164,24.258,26.042,5.55,3.443
2015-08-28,5.037,4.241,36.725,24.076,25.994,5.287,3.322
2015-08-31,5.112,4.297,37.066,23.848,25.754,5.475,3.312
2015-09-01,5.009,4.222,36.285,22.528,24.553,5.297,3.219
2015-09-02,4.933,4.166,35.992,21.8,24.745,4.997,3.144
2015-09-04,4.821,4.128,34.82,21.846,24.216,4.903,3.107
2015-09-07,4.746,4.063,34.937,21.118,24.024,4.894,3.05
2015-09-08,4.887,4.203,36.853,22.073,25.129,5.147,3.163
2015-09-09,5.159,4.429,38.18,23.075,26.427,5.362,3.397
2015-09-10,5.027,4.316,37.738,22.301,25.946,5.212,3.266
2015-09-11,5.074,4.41,37.443,22.119,25.177,5.194,3.341
2015-09-14,5.084,4.429,37.591,22.255,25.658,5.194,3.341
2015-09-15,5.093,4.438,37.443,22.21,25.802,5.212,3.341
2015-09-16,5.215,4.541,38.18,22.847,26.763,5.306,3.397
2015-09-17,5.215,4.504,38.77,22.47,27.292,5.297,3.341
2015-09-18,5.234,4.457,39.703,22.47,27.724,5.334,3.312
2015-09-21,5.187,4.438,39.359,22.238,27.099,5.259,3.303
2015-09-22,5.102,4.391,39.359,22.377,26.715,5.231,3.266
2015-09-23,4.98,4.269,38.672,21.912,26.09,5.091,3.172
2015-09-24,4.896,4.213,38.18,21.447,25.61,4.978,3.144
2015-09-25,4.915,4.25,38.328,21.354,26.042,5.053,3.163
2015-09-29,4.783,4.128,37.394,20.842,25.514,4.978,3.088
2015-09-30,4.83,4.185,37.689,21.168,25.754,5.034,3.116
2015-10-02,4.943,4.269,39.507,21.726,26.619,5.128,3.172
2015-10-05,5.009,4.325,40.637,22.005,27.388,5.222,3.219
2015-10-06,5.018,4.344,40.883,21.912,27.532,5.231,3.228
2015-10-07,5.243,4.56,42.455,22.982,28.493,5.4,3.378
2015-10-08,5.234,4.569,41.767,22.796,28.012,5.362,3.359
2015-10-09,5.309,4.673,41.571,23.773,28.204,5.419,3.415
2015-10-12,5.374,4.729,41.816,23.773,28.349,5.456,3.462
2015-10-13,5.318,4.682,41.374,23.633,28.252,5.353,3.425
2015-10-14,5.243,4.607,41.03,23.819,27.532,5.344,3.378
2015-10-15,5.346,4.691,41.915,23.912,28.349,5.428,3.462
2015-10-16,5.393,4.729,42.504,24.192,28.781,5.559,3.49
2015-10-19,5.402,4.738,42.75,24.005,28.925,5.55,3.528
2015-10-20,5.421,4.719,42.799,23.912,29.021,5.578,3.5
2015-10-22,5.431,4.766,42.652,24.052,28.733,5.559,3.546
2015-10-23,5.487,4.823,43.045,24.238,29.454,5.653,3.584
2015-10-26,5.468,4.813,43.192,23.633,29.598,5.625,3.565
2015-10-27,5.468,4.813,43.487,24.005,29.598,5.625,3.565
2015-10-28,5.365,4.691,43.291,23.819,29.165,5.494,3.49
2015-10-29,5.327,4.663,42.848,23.261,27.58,5.409,3.481
2015-10-30,5.281,4.644,42.897,23.168,26.955,5.381,3.434
2015-11-02,5.205,4.541,42.357,22.842,26.138,5.297,3.341
2015-11-03,5.224,4.551,42.209,23.354,26.571,5.316,3.331
2015-11-04,5.374,4.673,43.389,23.68,27.532,5.4,3.397
2015-11-05,5.365,4.663,44.617,23.633,27.772,5.409,3.415
2015-11-06,5.281,4.569,44.814,23.401,28.012,5.353,3.359
2015-11-09,5.243,4.579,45.01,23.401,27.484,5.381,3.35
2015-11-10,5.159,4.513,44.421,23.215,26.955,5.297,3.284
2015-11-11,5.13,4.485,44.126,23.075,26.763,5.259,3.266
2015-11-12,5.252,4.569,44.568,23.447,27.772,5.325,3.303
2015-11-13,5.102,4.457,43.733,23.168,27.099,5.241,3.256
2015-11-16,5.009,4.41,42.897,22.563,26.427,5.147,3.21
2015-11-17,5.055,4.457,43.389,22.749,26.523,5.147,3.256
2015-11-18,5.065,4.457,43.192,22.796,26.475,5.175,3.238
2015-11-19,5.196,4.551,43.487,22.842,26.763,5.241,3.294
2015-11-20,5.243,4.579,43.978,22.796,27.436,5.287,3.322
2015-11-23,5.196,4.56,43.831,22.935,27.243,5.259,3.312
2015-11-24,5.14,4.494,43.782,22.889,27.003,5.194,3.284
2015-11-25,5.084,4.457,43.536,22.889,27.147,5.212,3.266
2015-11-26,5.102,4.485,43.536,22.703,27.195,5.231,3.275
2015-11-27,5.027,4.4,42.553,22.47,26.234,5.137,3.228
2015-11-30,4.999,4.4,41.718,22.098,25.706,5.062,3.219
2015-12-01,5.046,4.447,42.553,22.563,25.85,5.203,3.275
2015-12-02,5.065,4.457,43.487,22.424,26.042,5.259,3.294
2015-12-03,5.065,4.438,43.487,22.47,25.706,5.222,3.284
2015-12-04,4.999,4.363,43.045,22.331,25.081,5.081,3.247
2015-12-07,4.99,4.382,43.094,22.424,25.081,5.119,3.219
2015-12-08,4.943,4.344,42.553,22.145,24.553,5.062,3.191
2015-12-09,4.887,4.269,41.964,22.051,24.168,5.044,3.144
2015-12-10,4.877,4.26,41.522,21.865,24.072,5.025,3.116
2015-12-11,4.84,4.241,40.244,21.633,23.448,4.987,3.116
2015-12-14,4.812,4.203,40.539,21.354,23.88,4.969,3.116
2015-12-15,4.84,4.194,40.834,21.307,24.024,4.922,3.116
2015-12-16,4.924,4.297,41.423,21.586,24.409,5.053,3.181
2015-12-17,4.98,4.382,41.915,21.819,24.697,5.062,3.238
2015-12-18,4.962,4.391,41.964,22.005,24.457,5.053,3.228
2015-12-21,5.009,4.438,42.652,22.051,24.601,5.147,3.247
2015-12-22,4.999,4.438,42.75,22.238,24.264,5.166,3.247
2015-12-23,5.055,4.494,43.241,22.284,24.649,5.241,3.284
2015-12-24,5.093,4.504,43.438,22.331,24.937,5.259,3.275
2015-12-28,5.046,4.457,42.75,22.145,24.264,5.175,3.266
2015-12-29,5.027,4.438,43.045,22.191,24.601,5.147,3.284
2015-12-30,4.971,4.391,42.209,22.005,23.928,5.091,3.238
2015-12-31,4.98,4.391,42.259,22.051,24.072,5.119,3.238
2016-01-04,4.83,4.241,40.146,21.54,22.871,4.959,3.144
2016-01-05,4.821,4.203,39.703,21.168,22.631,4.856,3.135
2016-01-06,4.793,4.138,39.409,21.075,22.343,4.828,3.107
2016-01-07,4.69,4.025,37.296,20.795,21.574,4.641,3.013
2016-01-08,4.708,4.081,37.345,21.028,21.67,4.734,3.013
2016-01-11,4.615,3.959,35.723,20.377,20.565,4.603,2.919
2016-01-12,4.586,3.903,35.035,20.749,20.132,4.603,2.91
2016-01-13,4.586,3.913,35.527,20.702,20.373,4.603,2.919
2016-01-14,4.521,3.894,35.674,20.656,20.18,4.575,2.91
2016-01-15,4.436,3.8,34.495,20.191,19.556,4.462,2.845
2016-01-18,4.361,3.734,34.102,19.307,19.412,4.387,2.798
2016-01-19,4.446,3.791,35.92,19.586,19.988,4.453,2.854
2016-01-20,4.296,3.678,34.446,18.516,18.758,4.303,2.788
2016-01-21,4.211,3.622,32.972,18.069,18.258,4.256,2.742
2016-01-22,4.286,3.678,34.102,18.748,18.335,4.331,2.826
2016-01-25,4.324,3.706,34.544,19.121,18.566,4.35,2.826
2016-01-26,4.193,3.612,33.365,18.348,17.413,4.209,2.77
2016-01-27,4.268,3.631,33.217,18.386,17.643,4.275,2.76
2016-01-28,4.333,3.678,33.561,18.404,17.451,4.294,2.76
2016-01-29,4.436,3.781,34.347,19.074,18.047,4.416,2.845
2016-02-01,4.418,3.753,33.61,18.609,17.297,4.303,2.835
2016-02-02,4.296,3.669,33.463,18.348,17.413,4.284,2.798
2016-02-03,4.23,3.64,32.382,18.255,16.682,4.191,2.751
2016-02-04,4.296,3.697,32.726,18.125,16.471,4.2,2.817
2016-02-05,4.352,3.744,33.266,18.348,16.913,4.228,2.863
2016-02-11,4.155,3.584,31.399,17.753,15.798,4.022,2.751
2016-02-12,4.042,3.5,30.072,17.66,15.683,4.003,2.657
2016-02-15,4.249,3.669,31.989,18.293,16.509,4.219,2.732
2016-02-16,4.333,3.734,33.07,18.367,16.625,4.237,2.788
2016-02-17,4.258,3.678,32.284,17.902,16.375,4.153,2.732
2016-02-18,4.361,3.716,33.561,18.162,16.971,4.247,2.779
2016-02-19,4.324,3.678,33.217,18.218,16.951,4.191,2.751
2016-02-22,4.371,3.734,33.905,18.702,17.567,4.237,2.798
2016-02-23,4.371,3.744,33.463,18.841,17.297,4.219,2.77
2016-02-24,4.324,3.687,32.775,18.516,16.875,4.191,2.751
2016-02-25,4.249,3.603,31.792,18.106,16.375,4.125,2.704
2016-02-26,4.296,3.631,32.824,18.609,16.682,4.2,2.751
2016-02-29,4.268,3.603,32.333,18.795,16.26,4.162,2.723
2016-03-01,4.324,3.669,32.628,18.888,16.144,4.228,2.77
2016-03-02,4.465,3.791,33.905,19.4,16.702,4.425,2.873
2016-03-03,4.436,3.791,34.003,19.4,16.759,4.397,2.863
2016-03-04,4.493,3.837,35.183,19.772,17.394,4.5,2.901
2016-03-07,4.568,3.875,34.986,19.911,17.336,4.537,2.948
2016-03-08,4.511,3.856,34.298,19.818,17.105,4.462,2.901
2016-03-09,4.474,3.866,34.249,19.911,17.221,4.425,2.891
2016-03-10,4.493,3.866,34.102,19.679,16.875,4.453,2.882
2016-03-11,4.502,3.894,34.151,19.958,17.201,4.528,2.91
2016-03-14,4.577,3.969,34.691,20.051,17.663,4.612,2.948
2016-03-15,4.53,3.95,34.397,20.377,17.682,4.575,2.929
2016-03-16,4.549,3.969,34.691,20.284,17.586,4.566,2.929
2016-03-17,4.643,4.053,35.478,20.749,17.97,4.631,2.976
2016-03-18,4.69,4.063,36.313,20.888,18.278,4.734,2.994
2016-03-21,4.661,4.053,36.804,21.214,18.527,4.781,2.985
2016-03-22,4.633,4.044,36.755,20.981,18.739,4.725,2.985
2016-03-23,4.624,4.035,36.608,21.168,18.566,4.716,2.976
2016-03-24,4.558,3.969,35.674,20.656,17.836,4.594,2.938
2016-03-29,4.596,3.988,35.871,20.935,17.701,4.566,2.948
2016-03-30,4.737,4.11,36.509,21.261,18.355,4.753,3.041
2016-03-31,4.643,4.072,36.46,21.54,18.393,4.781,3.013
2016-04-01,4.605,3.959,35.478,21.4,17.797,4.706,2.985
2016-04-05,4.511,3.875,34.839,21.028,17.49,4.566,2.91
2016-04-06,4.53,3.856,34.642,21.168,17.394,4.537,2.882
2016-04-07,4.53,3.819,34.397,21.261,17.221,4.481,2.854
2016-04-08,4.577,3.856,34.446,21.307,17.355,4.556,2.882
2016-04-11,4.615,3.884,34.839,21.354,17.528,4.603,2.891
2016-04-12,4.633,3.894,34.79,21.447,17.547,4.584,2.901
2016-04-13,4.737,4.053,36.903,22.238,18.412,4.762,3.004
2016-04-14,4.765,4.063,37.591,22.424,18.97,4.762,3.032
2016-04-15,4.755,4.081,37.197,22.517,18.97,4.753,3.032
2016-04-18,4.708,4.016,36.755,22.331,18.604,4.687,2.985
2016-04-19,4.765,4.11,37.247,22.61,18.835,4.762,3.05
2016-04-20,4.727,4.072,36.755,22.61,18.489,4.706,3.032
2016-04-21,4.793,4.119,37.099,22.842,18.335,4.791,3.05
2016-04-22,4.737,4.044,36.853,22.61,18.066,4.744,2.994
2016-04-25,4.671,3.988,36.264,22.517,17.797,4.687,2.966
2016-04-26,4.699,3.969,36.362,22.842,17.893,4.725,2.994
2016-04-27,4.727,3.969,36.755,22.145,17.797,4.744,2.994
2016-04-28,4.755,4.006,36.362,21.865,17.701,4.744,3.022
2016-04-29,4.68,3.95,36.018,21.633,17.355,4.603,2.966
2016-05-03,4.568,3.847,35.183,20.935,16.971,4.509,2.919
2016-05-04,4.558,3.8,35.379,20.609,16.798,4.491,2.882
2016-05-05,4.53,3.781,34.839,20.795,16.663,4.462,2.873
2016-05-06,4.465,3.734,33.954,20.563,16.317,4.378,2.826
2016-05-09,4.446,3.716,33.856,20.516,16.279,4.387,2.826
2016-05-10,4.455,3.744,34.102,20.795,16.336,4.416,2.854
2016-05-11,4.427,3.706,33.709,20.842,16.087,4.341,2.826
2016-05-12,4.389,3.678,33.512,20.702,15.914,4.322,2.807
2016-05-13,4.333,3.631,33.021,20.144,15.798,4.266,2.788
2016-05-16,4.296,3.631,32.972,20.237,15.798,4.256,2.788
2016-05-17,4.343,3.659,33.414,20.702,16.144,4.256,2.826
2016-05-18,4.268,3.612,32.972,20.33,15.991,4.228,2.798
2016-05-19,4.239,3.594,32.677,20.656,15.818,4.2,2.779
2016-05-20,4.277,3.631,32.824,20.888,15.933,4.228,2.817
2016-05-23,4.324,3.64,32.578,21.307,15.856,4.266,2.835
2016-05-24,4.389,3.659,32.333,21.447,15.837,4.284,2.835
2016-05-25,4.558,3.772,33.021,21.679,16.144,4.387,2.929
2016-05-26,4.558,3.772,32.873,21.726,16.163,4.387,2.91
2016-05-27,4.633,3.828,33.07,21.633,16.26,4.472,2.938
2016-05-30,4.661,3.847,33.316,22.051,16.394,4.453,2.957
2016-05-31,4.699,3.866,34.102,22.238,16.702,4.509,2.957
2016-06-01,4.69,3.866,34.102,22.145,16.682,4.528,2.966
2016-06-02,4.793,3.903,34.298,22.284,16.779,4.547,2.994
2016-06-03,4.774,3.931,34.446,22.377,16.875,4.584,3.013
2016-06-06,4.858,3.922,34.347,22.517,16.817,4.631,3.041
2016-06-07,4.905,3.997,34.937,22.935,17.13,4.744,3.069
2016-06-08,4.887,4.016,34.986,22.82,17.091,4.772,3.097
2016-06-10,4.812,3.931,34.347,22.676,16.794,4.659,3.05
2016-06-13,4.746,3.856,33.512,22.198,16.418,4.537,2.985
2016-06-14,4.765,3.875,33.266,22.006,16.3,4.566,3.004
2016-06-15,4.83,3.856,33.168,21.911,16.28,4.594,3.004
2016-06-16,4.765,3.8,32.775,21.528,16.102,4.575,2.96
2016-06-17,4.737,3.856,33.168,21.576,16.24,4.659,2.96
2016-06-20,4.84,3.941,33.561,21.815,16.537,4.706,3
2016-06-21,4.877,4.025,33.709,21.911,16.557,4.725,3.03
2016-06-22,4.97,4.11,33.856,22.054,16.656,4.772,3.07
2016-06-23,4.98,4.175,34.003,22.198,16.794,4.791,3.06
2016-06-24,4.88,4.044,33.021,21.815,16.28,4.678,2.98
2016-06-27,4.95,4.138,32.775,21.624,16.141,4.725,3.01
2016-06-28,4.95,4.138,32.775,21.719,16.102,4.725,2.97
2016-06-29,5.03,4.24,33.021,21.959,16.26,4.81,3.03
2016-06-30,5.12,4.29,33.561,22.198,16.438,4.89,3.09
2016-07-04,5.15,4.28,34.151,22.389,16.675,4.96,3.14
2016-07-05,5.11,4.2,33.76,22.102,16.478,4.89,3.08
2016-07-06,5.03,4.18,33.164,21.911,16.22,4.81,3.03
2016-07-07,5.11,4.19,33.263,22.246,16.3,4.91,3.06
2016-07-08,5.07,4.14,32.965,22.102,16.141,4.86,3.03
2016-07-11,5.19,4.24,33.611,22.341,16.359,5,3.09
2016-07-12,5.29,4.29,34.258,22.772,16.675,5.08,3.13
2016-07-13,5.36,4.31,34.755,23.011,16.853,5.1,3.11
2016-07-14,5.46,4.38,35.103,23.25,17.17,5.16,3.17
2016-07-15,5.41,4.34,36.396,23.202,17.486,5.13,3.18
2016-07-18,5.45,4.36,36.545,23.394,17.486,5.19,3.2
2016-07-19,5.39,4.33,35.898,23.202,17.348,5.17,3.17
2016-07-20,5.42,4.36,36.296,23.92,17.506,5.17,3.19
2016-07-21,5.4,4.38,36.296,24.016,17.546,5.2,3.18
2016-07-22,5.44,4.39,36.247,23.968,17.526,5.19,3.19
2016-07-25,5.35,4.38,36.097,24.494,17.407,5.2,3.2
2016-07-26,5.35,4.41,36.445,24.829,17.605,5.27,3.21
2016-07-27,5.31,4.45,36.793,24.877,17.902,5.32,3.25
2016-07-28,5.27,4.43,36.694,24.733,17.783,5.29,3.22
2016-07-29,5.2,4.39,35.998,24.351,17.486,5.23,3.19
2016-08-01,5.35,4.47,36.843,24.733,17.585,5.35,3.26
2016-08-03,5.27,4.39,35.849,24.207,17.13,5.29,3.22
2016-08-04,5.26,4.41,35.948,24.255,17.15,5.29,3.22
2016-08-05,5.38,4.48,36.495,24.351,17.526,5.37,3.27
2016-08-08,5.44,4.56,37.34,24.925,17.941,5.48,3.31
2016-08-09,5.47,4.58,37.291,24.972,17.862,5.5,3.31
2016-08-10,5.54,4.64,37.042,24.925,17.882,5.53,3.3
2016-08-11,5.66,4.74,37.838,25.068,18.001,5.57,3.37
2016-08-12,5.69,4.79,38.832,25.259,18.416,5.7,3.4
2016-08-15,5.74,4.87,40.324,25.403,19.069,5.69,3.48
2016-08-16,5.74,4.85,39.876,25.259,19.128,5.69,3.47
2016-08-17,5.71,4.88,39.478,24.925,18.752,5.7,3.46
2016-08-18,5.74,4.9,40.473,25.02,18.832,5.71,3.47
2016-08-19,5.75,4.91,40.821,24.925,18.574,5.69,3.45
2016-08-22,5.79,4.96,40.572,25.164,18.357,5.77,3.45
2016-08-23,5.79,5,40.473,24.972,18.218,5.77,3.47
2016-08-24,5.74,4.9,39.677,24.972,18.08,5.72,3.41
2016-08-25,5.82,4.93,39.777,24.733,18.258,5.73,3.41
2016-08-26,5.77,4.94,39.876,24.877,18.871,5.76,3.41
2016-08-29,5.74,4.94,39.578,24.829,18.594,5.77,3.4
2016-08-30,5.81,4.99,40.174,24.972,18.634,5.91,3.45
2016-08-31,5.8,4.93,39.926,25.977,18.337,5.99,3.49
2016-09-01,5.9,4.97,40.672,26.408,18.456,6,3.55
2016-09-02,5.93,4.9,41.368,26.408,18.812,6.09,3.57
2016-09-05,5.99,4.98,41.85,26.934,19.109,6.27,3.65
2016-09-06,6.07,5.05,42.35,27.125,19.148,6.27,3.7
2016-09-07,6.01,5.06,42.8,27.125,19.929,6.25,3.7
2016-09-08,6.03,5.06,43.3,27.556,20.325,6.25,3.7
2016-09-09,6.1,5.06,43.05,28.082,21.166,6.25,3.72
2016-09-12,5.77,4.83,41.55,27.46,19.979,5.96,3.56
2016-09-13,5.77,4.81,41.1,27.364,19.929,5.89,3.52
2016-09-14,5.79,4.8,40.9,27.508,19.831,5.89,3.53
2016-09-15,5.81,4.82,41.4,27.795,20.375,5.94,3.55
2016-09-19,5.89,4.92,42.25,27.65,21.265,6.05,3.61
2016-09-20,5.93,4.97,42.4,27.2,20.918,6.11,3.62
2016-09-21,5.98,5.03,42.65,27,21.116,6.18,3.67
2016-09-22,5.98,5.03,42.15,27.25,21.067,6.21,3.63
2016-09-23,5.93,4.88,41.5,26.8,20.721,6.25,3.57
2016-09-26,5.79,4.85,41,26.2,20.276,6.01,3.53
2016-09-27,5.86,4.97,41.35,26.45,20.572,6.11,3.6
2016-09-28,5.84,4.97,40.9,26.2,20.572,6.09,3.62
2016-09-29,5.89,4.99,41,26.4,20.473,6.11,3.61
2016-09-30,5.75,4.85,40.2,26.2,19.781,5.91,3.54
2016-10-03,5.82,4.91,40.7,26.25,20.028,5.97,3.55
2016-10-04,5.84,4.95,40.95,26.25,20.276,6.01,3.6
2016-10-05,5.86,4.96,41.25,26.3,20.424,6.02,3.6
2016-10-06,5.92,5,41.9,26.65,21.215,6.12,3.64
2016-10-07,5.92,5,41.8,26.55,21.265,6.06,3.63
2016-10-11,5.78,4.91,41.15,25.95,20.77,5.94,3.57
2016-10-12,5.7,4.82,41,26.2,20.523,5.77,3.47
2016-10-13,5.57,4.69,40.3,25.9,20.177,5.69,3.41
2016-10-14,5.66,4.72,40.7,26.15,20.473,5.79,3.44
2016-10-17,5.64,4.68,40.2,25.9,20.177,5.75,3.42
2016-10-18,5.74,4.77,40.55,26.3,20.473,5.85,3.5
2016-10-19,5.68,4.71,40.4,26.35,19.929,5.82,3.47
2016-10-20,5.72,4.72,40.3,26.95,19.88,5.87,3.48
2016-10-24,5.83,4.81,40.7,28.15,20.028,6,3.58
2016-10-25,5.82,4.79,41.05,27.9,19.929,6,3.57
2016-10-26,5.72,4.72,40.65,27.45,19.781,5.96,3.52
2016-10-27,5.67,4.69,40.5,27.7,19.583,5.87,3.48
2016-10-28,5.6,4.63,40.6,27.5,19.069,5.81,3.44
2016-10-31,5.68,4.67,40.95,27.7,19.049,5.91,3.48
2016-11-01,5.78,4.75,41.6,27.6,19.385,5.99,3.52
2016-11-02,5.64,4.65,40.85,27.1,19.029,5.88,3.45
2016-11-03,5.6,4.64,40.65,27.4,19.029,5.94,3.44
2016-11-04,5.6,4.65,40.65,27.25,19.01,5.89,3.44
2016-11-07,5.68,4.69,41.05,27,19.287,5.98,3.48
2016-11-08,5.72,4.74,41.4,26.95,19.366,6.03,3.52
2016-11-09,5.52,4.58,40.15,26.5,18.851,5.86,3.4
2016-11-10,5.62,4.66,40.95,27.6,19.148,5.99,3.46
2016-11-11,5.52,4.6,40.65,28.25,19.01,5.9,3.42
2016-11-14,5.46,4.51,40.25,28.05,19.188,5.83,3.38
2016-11-15,5.53,4.5,40.75,28.3,19.583,5.86,3.39
2016-11-16,5.46,4.48,40.55,28.2,19.88,5.83,3.36
2016-11-17,5.45,4.46,40.4,27.95,19.702,5.86,3.36
2016-11-18,5.48,4.48,40.45,28.05,19.742,5.91,3.36
2016-11-21,5.5,4.49,41.8,28,20.721,5.91,3.36
2016-11-22,5.62,4.6,42.65,28.6,21.314,6.03,3.43
2016-11-23,5.7,4.64,42.55,28.6,20.968,6.01,3.46
2016-11-24,5.69,4.61,42.35,28.65,21.611,6,3.46
2016-11-25,5.75,4.67,43.25,28.9,22.452,6.04,3.5
2016-11-28,5.82,4.76,43.35,28.85,22.155,6.03,3.54
2016-11-29,5.83,4.78,43,29,22.006,5.98,3.51
2016-11-30,5.78,4.75,42.9,29.1,22.303,5.96,3.53
2016-12-01,5.85,4.79,42.7,29.05,22.056,5.93,3.56
2016-12-02,5.8,4.75,41.9,28.65,21.462,5.84,3.54
2016-12-05,5.79,4.77,41.4,28.65,21.314,5.85,3.52
2016-12-06,5.83,4.82,41.4,28.95,22.056,5.85,3.54
2016-12-07,5.84,4.83,41.9,29.5,22.254,5.91,3.56
2016-12-08,5.89,4.85,42.05,29.25,22.006,6.03,3.6
2016-12-09,5.88,4.85,42.3,29.35,21.957,6.06,3.6
2016-12-12,5.8,4.79,41.75,28.75,21.166,5.93,3.54
2016-12-13,5.76,4.76,42.2,28.7,21.265,5.88,3.52
2016-12-14,5.72,4.71,41.8,28.5,21.314,5.86,3.52
2016-12-15,5.55,4.57,40.95,28.15,20.473,5.66,3.45
2016-12-16,5.55,4.57,40.45,27.7,20.276,5.64,3.46
2016-12-19,5.52,4.56,39.75,27.35,19.929,5.54,3.42
2016-12-20,5.47,4.55,39.15,27.55,19.682,5.48,3.38
2016-12-21,5.52,4.56,39.2,27.9,20.177,5.51,3.38
2016-12-22,5.45,4.49,38.6,27.85,19.831,5.47,3.36
2016-12-23,5.62,4.49,38.4,27.8,19.831,5.46,3.35
2016-12-28,5.89,4.54,38.5,27.6,19.979,5.52,3.39
2016-12-29,5.89,4.58,38.7,27.3,19.831,5.52,3.4
2016-12-30,5.97,4.65,38.8,27.75,19.979,5.61,3.44
2017-01-03,5.86,4.68,39.35,28.3,20.572,5.67,3.48
2017-01-04,5.83,4.65,39.25,28.35,20.375,5.65,3.46
2017-01-05,5.85,4.71,39.75,28.8,20.869,5.73,3.5
2017-01-06,5.83,4.73,39.7,28.35,20.869,5.74,3.52
2017-01-09,5.83,4.68,39.7,28.65,20.77,5.69,3.5
2017-01-10,5.9,4.71,39.8,29,20.869,5.72,3.51
2017-01-11,5.94,4.76,40.2,29.15,21.314,5.75,3.53
2017-01-12,5.91,4.77,40.05,28.7,21.116,5.74,3.52
2017-01-13,5.87,4.77,40.45,29.3,21.314,5.79,3.54
2017-01-16,5.8,4.73,40.1,29.35,20.82,5.74,3.5
2017-01-17,5.79,4.74,40.1,29.5,20.918,5.73,3.51
2017-01-18,5.85,4.77,40.35,30.4,21.364,5.78,3.54
2017-01-19,5.85,4.78,40.65,30.4,21.462,5.75,3.55
2017-01-20,5.79,4.71,40.5,30.4,21.166,5.72,3.51
2017-01-23,5.8,4.73,40.3,30.4,21.067,5.71,3.52
2017-01-24,5.73,4.73,40.15,30.45,21.265,5.72,3.53
2017-01-25,5.72,4.72,40.05,30.6,21.116,5.69,3.51
2017-01-26,5.84,4.8,40.2,31.2,21.364,5.77,3.56
2017-01-27,5.8,4.78,40.1,31.2,21.314,5.75,3.54
2017-02-01,5.8,4.77,39.6,30.9,21.215,5.75,3.52
2017-02-02,5.77,4.73,39.45,30.85,20.968,5.72,3.51
2017-02-03,5.76,4.7,39.25,30.45,21.166,5.68,3.5
2017-02-06,5.8,4.74,41.05,31,22.748,5.73,3.54
2017-02-07,5.8,4.76,41.1,30.6,23.243,5.7,3.55
2017-02-08,5.85,4.82,41.1,31.65,23.243,5.81,3.63
2017-02-09,5.92,4.87,41.55,31,23.391,5.87,3.72
2017-02-10,5.91,4.86,41.6,31,23.441,5.93,3.74
2017-02-13,5.95,4.94,42.2,31.15,24.182,5.99,3.8
2017-02-14,5.97,4.96,42.1,31.3,24.182,6.01,3.82
2017-02-15,6.27,5.1,42.35,31.45,24.232,6.18,3.97
2017-02-16,6.45,5.13,42.25,31.6,24.034,6.28,4.03
2017-02-17,6.35,5.06,42.1,31.4,24.034,6.13,3.95
2017-02-20,6.35,5.11,42.1,31.55,23.985,6.27,4.01
2017-02-21,6.3,5.07,42.25,31.4,24.182,6.27,3.95
2017-02-22,6.45,5.18,42.55,31.6,24.331,6.39,4.02
2017-02-23,6.46,5.19,42.55,31.5,24.133,6.32,4.04
2017-02-24,6.41,5.14,42.15,31.05,24.083,6.25,3.97
2017-02-27,6.36,5.08,41.8,31,23.787,6.2,3.93
2017-02-28,6.39,5.09,41.4,30.7,23.391,6.19,3.93
2017-03-01,6.34,5.04,41.3,31.1,23.342,6.15,3.9
2017-03-02,6.26,5.01,41.25,31.1,23.391,6.14,3.86
2017-03-03,6.15,4.93,41.2,31.2,23.144,6.05,3.79
2017-03-06,6.17,4.95,41.4,30.9,23.144,6.06,3.81
2017-03-07,6.18,4.97,41.7,31.1,23.441,6.08,3.82
2017-03-08,6.19,5.02,41.8,31.15,23.638,6.1,3.83
2017-03-09,6.06,4.93,41.45,30.9,23.144,5.99,3.78
2017-03-10,6.05,4.91,41.45,30.85,23.193,5.94,3.78
2017-03-13,6.25,5.06,41.75,31.6,23.737,6.06,3.9
2017-03-14,6.35,5.09,41.95,31.65,23.737,6.07,3.93
2017-03-15,6.3,5.06,42,31.7,23.638,6.03,3.89
2017-03-16,6.42,5.19,43,31.85,24.529,6.18,4
2017-03-17,6.44,5.16,43,32.1,24.776,6.19,3.97
2017-03-20,6.45,5.19,43.4,32.15,24.924,6.2,3.97
2017-03-21,6.5,5.22,44.2,32.15,24.924,6.19,3.99
2017-03-22,6.36,5.14,43.25,31.8,24.034,6.09,3.93
2017-03-23,6.4,5.17,43.65,31.8,24.034,6.11,3.94
2017-03-24,6.39,5.16,43.85,32.4,23.737,6.09,3.92
2017-03-27,6.33,5.12,43.5,32.1,23.539,6.05,3.87
2017-03-28,6.38,5.15,43.8,32.05,23.787,6.09,3.91
2017-03-29,6.41,5.17,43.8,32.2,23.787,6.09,3.93
2017-03-30,6.33,5.12,44.05,32.1,23.688,6.06,3.9
2017-03-31,6.25,5.08,43.5,31.75,23.589,6.04,3.86
2017-04-03,6.32,5.11,43.3,32.4,23.688,6.07,3.8
2017-04-05,6.35,5.11,43.3,32.1,23.688,6.01,3.77
2017-04-06,6.24,5.03,43,32.2,23.391,5.95,3.74
2017-04-07,6.23,5.01,42.85,31.75,23.292,5.91,3.73
2017-04-10,6.27,5.04,42.5,31.65,23.045,5.94,3.73
2017-04-11,6.2,4.97,42.3,31.75,22.798,5.91,3.69
2017-04-12,6.23,5.02,42.5,31.65,22.946,5.96,3.71
2017-04-13,6.26,5.02,42.35,31.55,22.798,5.94,3.71
2017-04-18,6.14,4.93,42,31.25,22.303,5.83,3.65
2017-04-19,6.1,4.91,41.9,31,22.254,5.78,3.63
2017-04-20,6.16,4.95,42.05,30.9,22.6,5.82,3.65
2017-04-21,6.18,4.96,42,30.85,22.452,5.86,3.68
2017-04-24,6.23,4.99,42.4,31.15,22.748,5.93,3.7
2017-04-25,6.35,5.1,43.2,31.4,23.193,6.1,3.77
2017-04-26,6.37,5.14,43.55,31.65,23.539,6.11,3.79
2017-04-27,6.34,5.11,44,31.75,23.49,6.04,3.78
2017-04-28,6.32,5.08,43.8,32,23.391,5.99,3.77
2017-05-02,6.3,5.07,43.7,32.2,23.391,5.93,3.75
2017-05-04,6.27,5.03,43.55,32.6,23.243,5.89,3.72
2017-05-05,6.16,4.96,42.95,32.4,22.649,5.78,3.68
2017-05-08,6.21,5.01,43.1,32.6,22.798,5.81,3.7
2017-05-09,6.27,5.04,43.85,32.75,23.391,5.87,3.74
2017-05-10,6.34,5.1,45.5,32.8,23.886,5.89,3.79
2017-05-11,6.36,5.1,45.65,32.7,24.083,5.88,3.78
2017-05-12,6.37,5.08,46.05,32.8,24.281,5.9,3.8
2017-05-15,6.48,5.15,46.8,33.5,24.677,5.95,3.89
2017-05-16,6.44,5.14,46.9,33.45,24.627,5.92,3.91
2017-05-17,6.38,5.13,46.8,33.35,24.281,5.91,3.9
2017-05-18,6.33,5.08,46.1,33.6,23.836,5.84,3.86
2017-05-19,6.32,5.07,46.3,34.3,23.985,5.83,3.85
2017-05-22,6.33,5.11,48.2,34.45,24.578,5.86,3.88
2017-05-23,6.32,5.12,48.5,34.4,24.776,5.88,3.86
2017-05-24,6.3,5.11,48.5,34.55,24.726,5.9,3.86
2017-05-25,6.42,5.16,50.15,35,25.221,5.98,3.88
2017-05-26,6.46,5.19,50,34.7,25.073,6.01,3.89
2017-05-29,6.49,5.2,50.35,35,25.32,6.02,3.9
2017-05-31,6.44,5.21,49.95,35.15,25.32,6.04,3.9
2017-06-01,6.53,5.3,50.45,35.2,25.122,5.98,3.93
2017-06-02,6.6,5.4,50.7,35.4,24.974,6.01,3.96
2017-06-05,6.56,5.34,50.2,35,24.578,5.96,3.92
2017-06-06,6.58,5.34,50.85,35.1,24.776,5.95,3.92
2017-06-07,6.48,5.3,50.9,34.8,24.924,5.92,3.89
2017-06-08,6.5,5.3,52,34.85,25.4,5.9,3.89
2017-06-09,6.46,5.22,52.05,35.15,25.45,5.87,3.88
2017-06-12,6.37,5.17,51.5,34.85,24.85,5.82,3.82
2017-06-13,6.41,5.19,51.75,34.9,24.9,5.86,3.83
2017-06-14,6.45,5.21,51.25,34.85,24.8,5.83,3.83
2017-06-15,6.34,5.13,50.15,34.6,24,5.76,3.78
2017-06-16,6.39,5.19,50.15,34.6,24,5.79,3.81
2017-06-19,6.46,5.23,52.15,34.85,24.3,5.81,3.84
